Workbook

Sheet LEIA-ME
A1: CONVISITA | Base de dados das visitas do COMSAÚDE Americana
A2: Versão em planilha do mesmo modelo de dados do sistema web (pasta convisita). Cada informação é registrada uma única vez e os resultados são calculados por fórmula.
A4: Abas de cadastro e lançamento (texto azul = dado digitado):
A5: Dimensoes: as quatro dimensões do instrumento, com peso (soma = 100%) e pontuação máxima por item.
A6: Itens: os 14 itens indicadores (I.1 a IV.2), com meta esperada e fonte de observação.
A7: Faixas: limites do farol (vermelho, amarelo, verde) usados na classificação.
A8: Unidades: cadastro único dos estabelecimentos, com tipo e periodicidade de visita em meses.
A9: Visitas: uma linha por visita (id, unidade, ciclo, data, situação).
A10: Avaliacoes: uma linha por item avaliado em cada visita (14 linhas por visita). Pontuação 0, 1 ou 2; NA = 1 quando o item não se aplica; pontuação vazia com NA = 0 significa item não avaliado.
A12: Abas calculadas (não digitar):
A13: Resultados: pontos, percentual por dimensão e nota final de cada visita. A nota final é a média ponderada das dimensões avaliadas; quando uma dimensão inteira não se aplica, seu peso é redistribuído entre as demais.
A14: Painel: última visita de cada unidade nos ciclos indicados nas células C3 e F3, variação entre ciclos, próxima visita prevista e situação da agenda.
... A20: 3. Resultados e Painel se atualizam automaticamente (Resultados está preparado para até 400 visitas).

Sheet Painel
A1: Painel de desempenho por unidade
A2: Última visita válida de cada unidade nos ciclos escolhidos (altere C3 e F3). Farol conforme aba Faixas.
B3: Ciclo base: | C3: 2023 | E3: Ciclo comparado: | F3: 2026 | J3: Data de referência: | K3: =TODAY() -> 46298
A5: Unidade | B5: Tipo | C5: Data (base) | D5: Nota (base) | E5: Data (comparado) | F5: Nota (comparado) | G5: Variação (p.p.) | H5: Última visita | I5: Próxima prevista | J5: Situação da agenda | K5: % Infra. Física | L5: % Infra. Humana | M5: % Plano Municipal | N5: % Percepção Usuário
A6: =Unidades!B2 -> UAD - Unidade de Atendimento Domiciliar | B6: =Unidades!C2 -> Atenção Domiciliar | C6: =IF(_xlfn.MAXIFS(Resultados!$C$2:$C$401,Resultados!$D$2:$D$401,$A6,Resultados!$B$2:$B$401,$C$3,Resultados!$U$2:$U$401,1)=0,"",_xlfn.MAXIFS(Resultados!$C$2:$C$401,Resultados!$D$2:$D$401,$A6,Resultados!$B$2:$B$401,$C$3,Resultados!$U$2:$U$401,1)) -> 45106 | D6: =IF(C6="","",SUMIFS(Resultados!$R$2:$R$401,Resultados!$D$2:$D$401,$A6,Resultados!$B$2:$B$401,$C$3,Resultados!$C$2:$C$401,C6,Resultados!$U$2:$U$401,1)) -> 0.82589286 | E6: =IF(_xlfn.MAXIFS(Resultados!$C$2:$C$401,Resultados!$D$2:$D$401,$A6,Resultados!$B$2:$B$401,$F$3,Resultados!$U$2:$U$401,1)=0,"",_xlfn.MAXIFS(Resultados!$C$2:$C$401,Resultados!$D$2:$D$401,$A6,Resultados!$B$2:$B$401,$F$3,Resultados!$U$2:$U$401,1)) -> 46164 | F6: =IF(E6="","",SUMIFS(Resultados!$R$2:$R$401,Resultados!$D$2:$D$401,$A6,Resultados!$B$2:$B$401,$F$3,Resultados!$C$2:$C$401,E6,Resultados!$U$2:$U$401,1)) -> 1 | G6: =IF(OR(D6="",F6=""),"",(F6-D6)*100) -> 17.410714 | H6: =IF(_xlfn.MAXIFS(Resultados!$C$2:$C$401,Resultados!$D$2:$D$401,$A6,Resultados!$U$2:$U$401,1)=0,"",_xlfn.MAXIFS(Resultados!$C$2:$C$401,Resultados!$D$2:$D$401,$A6,Resultados!$U$2:$U$401,1)) -> 46164 | I6: =IF(H6="","",EDATE(H6,Unidades!F2)) -> 46348 | J6: =IF(Unidades!E2<>"ativa","suspensa",IF(H6="","sem visita",IF(I6<$K$3,"atrasada",IF(I6<=$K$3+30,"próximos 30 dias","em dia")))) -> em dia | K6: =IF(E6="","",SUMIFS(Resultados!$N$2:$N$401,Resultados!$D$2:$D$401,$A6,Resultados!$B$2:$B$401,$F$3,Resultados!$C$2:$C$401,E6,Resultados!$U$2:$U$401,1)) -> 1 | L6: =IF(E6="","",SUMIFS(Resultados!$O$2:$O$401,Resultados!$D$2:$D$401,$A6,Resultados!$B$2:$B$401,$F$3,Resultados!$C$2:$C$401,E6,Resultados!$U$2:$U$401,1)) -> 1 | M6: =IF(E6="","",SUMIFS(Resultados!$P$2:$P$401,Resultados!$D$2:$D$401,$A6,Resultados!$B$2:$B$401,$F$3,Resultados!$C$2:$C$401,E6,Resultados!$U$2:$U$401,1)) -> 1 | N6: =IF(E6="","",SUMIFS(Resultados!$Q$2:$Q$401,Resultados!$D$2:$D$401,$A6,Resultados!$B$2:$B$401,$F$3,Resultados!$C$2:$C$401,E6,Resultados!$U$2:$U$401,1)) -> 0
A7: =Unidades!B3 -> UBS Jardim São Paulo | B7: =Unidades!C3 -> Unidade Básica de Saúde (UBS) | C7: =IF(_xlfn.MAXIFS(Resultados!$C$2:$C$401,Resultados!$D$2:$D$401,$A7,Resultados!$B$2:$B$401,$C$3,Resultados!$U$2:$U$401,1)=0,"",_xlfn.MAXIFS(Resultados!$C$2:$C$401,Resultados!$D$2:$D$401,$A7,Resultados!$B$2:$B$401,$C$3,Resultados!$U$2:$U$401,1)) -> 45231 | D7: =IF(C7="","",SUMIFS(Resultados!$R$2:$R$401,Resultados!$D$2:$D$401,$A7,Resultados!$B$2:$B$401,$C$3,Resultados!$C$2:$C$401,C7,Resultados!$U$2:$U$401,1)) -> 0.85714286 | E7: =IF(_xlfn.MAXIFS(Resultados!$C$2:$C$401,Resultados!$D$2:$D$401,$A7,Resultados!$B$2:$B$401,$F$3,Resultados!$U$2:$U$401,1)=0,"",_xlfn.MAXIFS(Resultados!$C$2:$C$401,Resultados!$D$2:$D$401,$A7,Resultados!$B$2:$B$401,$F$3,Resultados!$U$2:$U$401,1)) -> 46090 | F7: =IF(E7="","",SUMIFS(Resultados!$R$2:$R$401,Resultados!$D$2:$D$401,$A7,Resultados!$B$2:$B$401,$F$3,Resultados!$C$2:$C$401,E7,Resultados!$U$2:$U$401,1)) -> 0.88392857 | G7: =IF(OR(D7="",F7=""),"",(F7-D7)*100) -> 2.6785714 | H7: =IF(_xlfn.MAXIFS(Resultados!$C$2:$C$401,Resultados!$D$2:$D$401,$A7,Resultados!$U$2:$U$401,1)=0,"",_xlfn.MAXIFS(Resultados!$C$2:$C$401,Resultados!$D$2:$D$401,$A7,Resultados!$U$2:$U$401,1)) -> 46090 | I7: =IF(H7="","",EDATE(H7,Unidades!F3)) -> 46274 | J7: =IF(Unidades!E3<>"ativa","suspensa",IF(H7="","sem visita",IF(I7<$K$3,"atrasada",IF(I7<=$K$3+30,"próximos 30 dias","em dia")))) -> atrasada | K7: =IF(E7="","",SUMIFS(Resultados!$N$2:$N$401,Resultados!$D$2:$D$401,$A7,Resultados!$B$2:$B$401,$F$3,Resultados!$C$2:$C$401,E7,Resultados!$U$2:$U$401,1)) -> 0.78571429 | L7: =IF(E7="","",SUMIFS(Resultados!$O$2:$O$401,Resultados!$D$2:$D$401,$A7,Resultados!$B$2:$B$401,$F$3,Resultados!$C$2:$C$401,E7,Resultados!$U$2:$U$401,1)) -> 1 | M7: =IF(E7="","",SUMIFS(Resultados!$P$2:$P$401,Resultados!$D$2:$D$401,$A7,Resultados!$B$2:$B$401,$F$3,Resultados!$C$2:$C$401,E7,Resultados!$U$2:$U$401,1)) -> 1 | N7: =IF(E7="","",SUMIFS(Resultados!$Q$2:$Q$401,Resultados!$D$2:$D$401,$A7,Resultados!$B$2:$B$401,$F$3,Resultados!$C$2:$C$401,E7,Resultados!$U$2:$U$401,1)) -> 0.75
A8: =Unidades!B4 -> Hospital Municipal Dr. Waldemar Tebaldi | B8: =Unidades!C4 -> Hospital | C8: =IF(_xlfn.MAXIFS(Resultados!$C$2:$C$401,Resultados!$D$2:$D$401,$A8,Resultados!$B$2:$B$401,$C$3,Resultados!$U$2:$U$401,1)=0,"",_xlfn.MAXIFS(Resultados!$C$2:$C$401,Resultados!$D$2:$D$401,$A8,Resultados!$B$2:$B$401,$C$3,Resultados!$U$2:$U$401,1)) | D8: =IF(C8="","",SUMIFS(Resultados!$R$2:$R$401,Resultados!$D$2:$D$401,$A8,Resultados!$B$2:$B$401,$C$3,Resultados!$C$2:$C$401,C8,Resultados!$U$2:$U$401,1)) | E8: =IF(_xlfn.MAXIFS(Resultados!$C$2:$C$401,Resultados!$D$2:$D$401,$A8,Resultados!$B$2:$B$401,$F$3,Resultados!$U$2:$U$401,1)=0,"",_xlfn.MAXIFS(Resultados!$C$2:$C$401,Resultados!$D$2:$D$401,$A8,Resultados!$B$2:$B$401,$F$3,Resultados!$U$2:$U$401,1)) -> 46091 | F8: =IF(E8="","",SUMIFS(Resultados!$R$2:$R$401,Resultados!$D$2:$D$401,$A8,Resultados!$B$2:$B$401,$F$3,Resultados!$C$2:$C$401,E8,Resultados!$U$2:$U$401,1)) -> 0.66517857 | G8: =IF(OR(D8="",F8=""),"",(F8-D8)*100) | H8: =IF(_xlfn.MAXIFS(Resultados!$C$2:$C$401,Resultados!$D$2:$D$401,$A8,Resultados!$U$2:$U$401,1)=0,"",_xlfn.MAXIFS(Resultados!$C$2:$C$401,Resultados!$D$2:$D$401,$A8,Resultados!$U$2:$U$401,1)) -> 46091 | I8: =IF(H8="","",EDATE(H8,Unidades!F4)) -> 46275 | J8: =IF(Unidades!E4<>"ativa","suspensa",IF(H8="","sem visita",IF(I8<$K$3,"atrasada",IF(I8<=$K$3+30,"próximos 30 dias","em dia")))) -> atrasada | K8: =IF(E8="","",SUMIFS(Resultados!$N$2:$N$401,Resultados!$D$2:$D$401,$A8,Resultados!$B$2:$B$401,$F$3,Resultados!$C$2:$C$401,E8,Resultados!$U$2:$U$401,1)) -> 0.78571429 | L8: =IF(E8="","",SUMIFS(Resultados!$O$2:$O$401,Resultados!$D$2:$D$401,$A8,Resultados!$B$2:$B$401,$F$3,Resultados!$C$2:$C$401,E8,Resultados!$U$2:$U$401,1)) -> 0.875 | M8: =IF(E8="","",SUMIFS(Resultados!$P$2:$P$401,Resultados!$D$2:$D$401,$A8,Resultados!$B$2:$B$401,$F$3,Resultados!$C$2:$C$401,E8,Resultados!$U$2:$U$401,1)) -> 0.5 | N8: =IF(E8="","",SUMIFS(Resultados!$Q$2:$Q$401,Resultados!$D$2:$D$401,$A8,Resultados!$B$2:$B$401,$F$3,Resultados!$C$2:$C$401,E8,Resultados!$U$2:$U$401,1)) -> 0.5
A9: =Unidades!B5 -> UPA Dona Rosa | B9: =Unidades!C5 -> Urgência e Emergência | C9: =IF(_xlfn.MAXIFS(Resultados!$C$2:$C$401,Resultados!$D$2:$D$401,$A9,Resultados!$B$2:$B$401,$C$3,Resultados!$U$2:$U$401,1)=0,"",_xlfn.MAXIFS(Resultados!$C$2:$C$401,Resultados!$D$2:$D$401,$A9,Resultados!$B$2:$B$401,$C$3,Resultados!$U$2:$U$401,1)) | D9: =IF(C9="","",SUMIFS(Resultados!$R$2:$R$401,Resultados!$D$2:$D$401,$A9,Resultados!$B$2:$B$401,$C$3,Resultados!$C$2:$C$401,C9,Resultados!$U$2:$U$401,1)) | E9: =IF(_xlfn.MAXIFS(Resultados!$C$2:$C$401,Resultados!$D$2:$D$401,$A9,Resultados!$B$2:$B$401,$F$3,Resultados!$U$2:$U$401,1)=0,"",_xlfn.MAXIFS(Resultados!$C$2:$C$401,Resultados!$D$2:$D$401,$A9,Resultados!$B$2:$B$401,$F$3,Resultados!$U$2:$U$401,1)) -> 46093 | F9: =IF(E9="","",SUMIFS(Resultados!$R$2:$R$401,Resultados!$D$2:$D$401,$A9,Resultados!$B$2:$B$401,$F$3,Resultados!$C$2:$C$401,E9,Resultados!$U$2:$U$401,1)) -> 0.96428571 | G9: =IF(OR(D9="",F9=""),"",(F9-D9)*100) | H9: =IF(_xlfn.MAXIFS(Resultados!$C$2:$C$401,Resultados!$D$2:$D$401,$A9,Resultados!$U$2:$U$401,1)=0,"",_xlfn.MAXIFS(Resultados!$C$2:$C$401,Resultados!$D$2:$D$401,$A9,Resultados!$U$2:$U$401,1)) -> 46093 | I9: =IF(H9="","",EDATE(H9,Unidades!F5)) -> 46277 | J9: =IF(Unidades!E5<>"ativa","suspensa",IF(H9="","sem visita",IF(I9<$K$3,"atrasada",IF(I9<=$K$3+30,"próximos 30 dias","em dia")))) -> atrasada | K9: =IF(E9="","",SUMIFS(Resultados!$N$2:$N$401,Resultados!$D$2:$D$401,$A9,Resultados!$B$2:$B$401,$F$3,Resultados!$C$2:$C$401,E9,Resultados!$U$2:$U$401,1)) -> 0.85714286 | L9: =IF(E9="","",SUMIFS(Resultados!$O$2:$O$401,Resultados!$D$2:$D$401,$A9,Resultados!$B$2:$B$401,$F$3,Resultados!$C$2:$C$401,E9,Resultados!$U$2:$U$401,1)) -> 1 | M9: =IF(E9="","",SUMIFS(Resultados!$P$2:$P$401,Resultados!$D$2:$D$401,$A9,Resultados!$B$2:$B$401,$F$3,Resultados!$C$2:$C$401,E9,Resultados!$U$2:$U$401,1)) -> 1 | N9: =IF(E9="","",SUMIFS(Resultados!$Q$2:$Q$401,Resultados!$D$2:$D$401,$A9,Resultados!$B$2:$B$401,$F$3,Resultados!$C$2:$C$401,E9,Resultados!$U$2:$U$401,1)) -> 1
A10: =Unidades!B6 -> Banco de Sangue | B10: =Unidades!C6 -> Apoio Diagnóstico e Terapêutico | C10: =IF(_xlfn.MAXIFS(Resultados!$C$2:$C$401,Resultados!$D$2:$D$401,$A10,Resultados!$B$2:$B$401,$C$3,Resultados!$U$2:$U$401,1)=0,"",_xlfn.MAXIFS(Resultados!$C$2:$C$401,Resultados!$D$2:$D$401,$A10,Resultados!$B$2:$B$401,$C$3,Resultados!$U$2:$U$401,1)) | D10: =IF(C10="","",SUMIFS(Resultados!$R$2:$R$401,Resultados!$D$2:$D$401,$A10,Resultados!$B$2:$B$401,$C$3,Resultados!$C$2:$C$401,C10,Resultados!$U$2:$U$401,1)) | E10: =IF(_xlfn.MAXIFS(Resultados!$C$2:$C$401,Resultados!$D$2:$D$401,$A10,Resultados!$B$2:$B$401,$F$3,Resultados!$U$2:$U$401,1)=0,"",_xlfn.MAXIFS(Resultados!$C$2:$C$401,Resultados!$D$2:$D$401,$A10,Resultados!$B$2:$B$401,$F$3,Resultados!$U$2:$U$401,1)) -> 46122 | F10: =IF(E10="","",SUMIFS(Resultados!$R$2:$R$401,Resultados!$D$2:$D$401,$A10,Resultados!$B$2:$B$401,$F$3,Resultados!$C$2:$C$401,E10,Resultados!$U$2:$U$401,1)) -> 0.625 | G10: =IF(OR(D10="",F10=""),"",(F10-D10)*100) | H10: =IF(_xlfn.MAXIFS(Resultados!$C$2:$C$401,Resultados!$D$2:$D$401,$A10,Resultados!$U$2:$U$401,1)=0,"",_xlfn.MAXIFS(Resultados!$C$2:$C$401,Resultados!$D$2:$D$401,$A10,Resultados!$U$2:$U$401,1)) -> 46122 | I10: =IF(H10="","",EDATE(H10,Unidades!F6)) -> 46305 | J10: =IF(Unidades!E6<>"ativa","suspensa",IF(H10="","sem visita",IF(I10<$K$3,"atrasada",IF(I10<=$K$3+30,"próximos 30 dias","em dia")))) -> próximos 30 dias | K10: =IF(E10="","",SUMIFS(Resultados!$N$2:$N$401,Resultados!$D$2:$D$401,$A10,Resultados!$B$2:$B$401,$F$3,Resultados!$C$2:$C$401,E10,Resultados!$U$2:$U$401,1)) -> 0.5 | L10: =IF(E10="","",SUMIFS(Resultados!$O$2:$O$401,Resultados!$D$2:$D$401,$A10,Resultados!$B$2:$B$401,$F$3,Resultados!$C$2:$C$401,E10,Resultados!$U$2:$U$401,1)) -> 1 | M10: =IF(E10="","",SUMIFS(Resultados!$P$2:$P$401,Resultados!$D$2:$D$401,$A10,Resultados!$B$2:$B$401,$F$3,Resultados!$C$2:$C$401,E10,Resultados!$U$2:$U$401,1)) -> 0.5 | N10: =IF(E10="","",SUMIFS(Resultados!$Q$2:$Q$401,Resultados!$D$2:$D$401,$A10,Resultados!$B$2:$B$401,$F$3,Resultados!$C$2:$C$401,E10,Resultados!$U$2:$U$401,1)) -> 0.5
A11: =Unidades!B7 -> UBS Parque Gramado | B11: =Unidades!C7 -> Unidade Básica de Saúde (UBS) | C11: =IF(_xlfn.MAXIFS(Resultados!$C$2:$C$401,Resultados!$D$2:$D$401,$A11,Resultados!$B$2:$B$401,$C$3,Resultados!$U$2:$U$401,1)=0,"",_xlfn.MAXIFS(Resultados!$C$2:$C$401,Resultados!$D$2:$D$401,$A11,Resultados!$B$2:$B$401,$C$3,Resultados!$U$2:$U$401,1)) | D11: =IF(C11="","",SUMIFS(Resultados!$R$2:$R$401,Resultados!$D$2:$D$401,$A11,Resultados!$B$2:$B$401,$C$3,Resultados!$C$2:$C$401,C11,Resultados!$U$2:$U$401,1)) | E11: =IF(_xlfn.MAXIFS(Resultados!$C$2:$C$401,Resultados!$D$2:$D$401,$A11,Resultados!$B$2:$B$401,$F$3,Resultados!$U$2:$U$401,1)=0,"",_xlfn.MAXIFS(Resultados!$C$2:$C$401,Resultados!$D$2:$D$401,$A11,Resultados!$B$2:$B$401,$F$3,Resultados!$U$2:$U$401,1)) -> 46156 | F11: =IF(E11="","",SUMIFS(Resultados!$R$2:$R$401,Resultados!$D$2:$D$401,$A11,Resultados!$B$2:$B$401,$F$3,Resultados!$C$2:$C$401,E11,Resultados!$U$2:$U$401,1)) -> 0.6875 | G11: =IF(OR(D11="",F11=""),"",(F11-D11)*100) | H11: =IF(_xlfn.MAXIFS(Resultados!$C$2:$C$401,Resultados!$D$2:$D$401,$A11,Resultados!$U$2:$U$401,1)=0,"",_xlfn.MAXIFS(Resultados!$C$2:$C$401,Resultados!$D$2:$D$401,$A11,Resultados!$U$2:$U$401,1)) -> 46156 | I11: =IF(H11="","",EDATE(H11,Unidades!F7)) -> 46340 | J11: =IF(Unidades!E7<>"ativa","suspensa",IF(H11="","sem visita",IF(I11<$K$3,"atrasada",IF(I11<=$K$3+30,"próximos 30 dias","em dia")))) -> em dia | K11: =IF(E11="","",SUMIFS(Resultados!$N$2:$N$401,Resultados!$D$2:$D$401,$A11,Resultados!$B$2:$B$401,$F$3,Resultados!$C$2:$C$401,E11,Resultados!$U$2:$U$401,1)) -> 0.5 | L11: =IF(E11="","",SUMIFS(Resultados!$O$2:$O$401,Resultados!$D$2:$D$401,$A11,Resultados!$B$2:$B$401,$F$3,Resultados!$C$2:$C$401,E11,Resultados!$U$2:$U$401,1)) -> 0.75 | M11: =IF(E11="","",SUMIFS(Resultados!$P$2:$P$401,Resultados!$D$2:$D$401,$A11,Resultados!$B$2:$B$401,$F$3,Resultados!$C$2:$C$401,E11,Resultados!$U$2:$U$401,1)) -> 0.5 | N11: =IF(E11="","",SUMIFS(Resultados!$Q$2:$Q$401,Resultados!$D$2:$D$401,$A11,Resultados!$B$2:$B$401,$F$3,Resultados!$C$2:$C$401,E11,Resultados!$U$2:$U$401,1)) -> 1
A12: =Unidades!B8 -> ESF São José | B12: =Unidades!C8 -> Estratégia Saúde da Família (ESF) | C12: =IF(_xlfn.MAXIFS(Resultados!$C$2:$C$401,Resultados!$D$2:$D$401,$A12,Resultados!$B$2:$B$401,$C$3,Resultados!$U$2:$U$401,1)=0,"",_xlfn.MAXIFS(Resultados!$C$2:$C$401,Resultados!$D$2:$D$401,$A12,Resultados!$B$2:$B$401,$C$3,Resultados!$U$2:$U$401,1)) -> 45254 | D12: =IF(C12="","",SUMIFS(Resultados!$R$2:$R$401,Resultados!$D$2:$D$401,$A12,Resultados!$B$2:$B$401,$C$3,Resultados!$C$2:$C$401,C12,Resultados!$U$2:$U$401,1)) -> 1 | E12: =IF(_xlfn.MAXIFS(Resultados!$C$2:$C$401,Resultados!$D$2:$D$401,$A12,Resultados!$B$2:$B$401,$F$3,Resultados!$U$2:$U$401,1)=0,"",_xlfn.MAXIFS(Resultados!$C$2:$C$401,Resultados!$D$2:$D$401,$A12,Resultados!$B$2:$B$401,$F$3,Resultados!$U$2:$U$401,1)) -> 46142 | F12: =IF(E12="","",SUMIFS(Resultados!$R$2:$R$401,Resultados!$D$2:$D$401,$A12,Resultados!$B$2:$B$401,$F$3,Resultados!$C$2:$C$401,E12,Resultados!$U$2:$U$401,1)) -> 0.78571429 | G12: =IF(OR(D12="",F12=""),"",(F12-D12)*100) -> -21.428571 | H12: =IF(_xlfn.MAXIFS(Resultados!$C$2:$C$401,Resultados!$D$2:$D$401,$A12,Resultados!$U$2:$U$401,1)=0,"",_xlfn.MAXIFS(Resultados!$C$2:$C$401,Resultados!$D$2:$D$401,$A12,Resultados!$U$2:$U$401,1)) -> 46142 | I12: =IF(H12="","",EDATE(H12,Unidades!F8)) -> 46325 | J12: =IF(Unidades!E8<>"ativa","suspensa",IF(H12="","sem visita",IF(I12<$K$3,"atrasada",IF(I12<=$K$3+30,"próximos 30 dias","em dia")))) -> próximos 30 dias | K12: =IF(E12="","",SUMIFS(Resultados!$N$2:$N$401,Resultados!$D$2:$D$401,$A12,Resultados!$B$2:$B$401,$F$3,Resultados!$C$2:$C$401,E12,Resultados!$U$2:$U$401,1)) -> 0.64285714 | L12: =IF(E12="","",SUMIFS(Resultados!$O$2:$O$401,Resultados!$D$2:$D$401,$A12,Resultados!$B$2:$B$401,$F$3,Resultados!$C$2:$C$401,E12,Resultados!$U$2:$U$401,1)) -> 1 | M12: =IF(E12="","",SUMIFS(Resultados!$P$2:$P$401,Resultados!$D$2:$D$401,$A12,Resultados!$B$2:$B$401,$F$3,Resultados!$C$2:$C$401,E12,Resultados!$U$2:$U$401,1)) -> 1 | N12: =IF(E12="","",SUMIFS(Resultados!$Q$2:$Q$401,Resultados!$D$2:$D$401,$A12,Resultados!$B$2:$B$401,$F$3,Resultados!$C$2:$C$401,E12,Resultados!$U$2:$U$401,1)) -> 0.5
A13: =Unidades!B9 -> ESF Praia Azul | B13: =Unidades!C9 -> Estratégia Saúde da Família (ESF) | C13: =IF(_xlfn.MAXIFS(Resultados!$C$2:$C$401,Resultados!$D$2:$D$401,$A13,Resultados!$B$2:$B$401,$C$3,Resultados!$U$2:$U$401,1)=0,"",_xlfn.MAXIFS(Resultados!$C$2:$C$401,Resultados!$D$2:$D$401,$A13,Resultados!$B$2:$B$401,$C$3,Resultados!$U$2:$U$401,1)) | D13: =IF(C13="","",SUMIFS(Resultados!$R$2:$R$401,Resultados!$D$2:$D$401,$A13,Resultados!$B$2:$B$401,$C$3,Resultados!$C$2:$C$401,C13,Resultados!$U$2:$U$401,1)) | E13: =IF(_xlfn.MAXIFS(Resultados!$C$2:$C$401,Resultados!$D$2:$D$401,$A13,Resultados!$B$2:$B$401,$F$3,Resultados!$U$2:$U$401,1)=0,"",_xlfn.MAXIFS(Resultados!$C$2:$C$401,Resultados!$D$2:$D$401,$A13,Resultados!$B$2:$B$401,$F$3,Resultados!$U$2:$U$401,1)) -> 46190 | F13: =IF(E13="","",SUMIFS(Resultados!$R$2:$R$401,Resultados!$D$2:$D$401,$A13,Resultados!$B$2:$B$401,$F$3,Resultados!$C$2:$C$401,E13,Resultados!$U$2:$U$401,1)) -> 0.90178571 | G13: =IF(OR(D13="",F13=""),"",(F13-D13)*100) | H13: =IF(_xlfn.MAXIFS(Resultados!$C$2:$C$401,Resultados!$D$2:$D$401,$A13,Resultados!$U$2:$U$401,1)=0,"",_xlfn.MAXIFS(Resultados!$C$2:$C$401,Resultados!$D$2:$D$401,$A13,Resultados!$U$2:$U$401,1)) -> 46190 | I13: =IF(H13="","",EDATE(H13,Unidades!F9)) -> 46373 | J13: =IF(Unidades!E9<>"ativa","suspensa",IF(H13="","sem visita",IF(I13<$K$3,"atrasada",IF(I13<=$K$3+30,"próximos 30 dias","em dia")))) -> em dia | K13: =IF(E13="","",SUMIFS(Resultados!$N$2:$N$401,Resultados!$D$2:$D$401,$A13,Resultados!$B$2:$B$401,$F$3,Resultados!$C$2:$C$401,E13,Resultados!$U$2:$U$401,1)) -> 0.85714286 | L13: =IF(E13="","",SUMIFS(Resultados!$O$2:$O$401,Resultados!$D$2:$D$401,$A13,Resultados!$B$2:$B$401,$F$3,Resultados!$C$2:$C$401,E13,Resultados!$U$2:$U$401,1)) -> 1 | M13: =IF(E13="","",SUMIFS(Resultados!$P$2:$P$401,Resultados!$D$2:$D$401,$A13,Resultados!$B$2:$B$401,$F$3,Resultados!$C$2:$C$401,E13,Resultados!$U$2:$U$401,1)) -> 1 | N13: =IF(E13="","",SUMIFS(Resultados!$Q$2:$Q$401,Resultados!$D$2:$D$401,$A13,Resultados!$B$2:$B$401,$F$3,Resultados!$C$2:$C$401,E13,Resultados!$U$2:$U$401,1)) -> 0.75
A14: =Unidades!B10 -> ESF Jardim Brasil | B14: =Unidades!C10 -> Estratégia Saúde da Família (ESF) | C14: =IF(_xlfn.MAXIFS(Resultados!$C$2:$C$401,Resultados!$D$2:$D$401,$A14,Resultados!$B$2:$B$401,$C$3,Resultados!$U$2:$U$401,1)=0,"",_xlfn.MAXIFS(Resultados!$C$2:$C$401,Resultados!$D$2:$D$401,$A14,Resultados!$B$2:$B$401,$C$3,Resultados!$U$2:$U$401,1)) | D14: =IF(C14="","",SUMIFS(Resultados!$R$2:$R$401,Resultados!$D$2:$D$401,$A14,Resultados!$B$2:$B$401,$C$3,Resultados!$C$2:$C$401,C14,Resultados!$U$2:$U$401,1)) | E14: =IF(_xlfn.MAXIFS(Resultados!$C$2:$C$401,Resultados!$D$2:$D$401,$A14,Resultados!$B$2:$B$401,$F$3,Resultados!$U$2:$U$401,1)=0,"",_xlfn.MAXIFS(Resultados!$C$2:$C$401,Resultados!$D$2:$D$401,$A14,Resultados!$B$2:$B$401,$F$3,Resultados!$U$2:$U$401,1)) -> 46162 | F14: =IF(E14="","",SUMIFS(Resultados!$R$2:$R$401,Resultados!$D$2:$D$401,$A14,Resultados!$B$2:$B$401,$F$3,Resultados!$C$2:$C$401,E14,Resultados!$U$2:$U$401,1)) -> 1 | G14: =IF(OR(D14="",F14=""),"",(F14-D14)*100) | H14: =IF(_xlfn.MAXIFS(Resultados!$C$2:$C$401,Resultados!$D$2:$D$401,$A14,Resultados!$U$2:$U$401,1)=0,"",_xlfn.MAXIFS(Resultados!$C$2:$C$401,Resultados!$D$2:$D$401,$A14,Resultados!$U$2:$U$401,1)) -> 46162 | I14: =IF(H14="","",EDATE(H14,Unidades!F10)) -> 46346 | J14: =IF(Unidades!E10<>"ativa","suspensa",IF(H14="","sem visita",IF(I14<$K$3,"atrasada",IF(I14<=$K$3+30,"próximos 30 dias","em dia")))) -> em dia | K14: =IF(E14="","",SUMIFS(Resultados!$N$2:$N$401,Resultados!$D$2:$D$401,$A14,Resultados!$B$2:$B$401,$F$3,Resultados!$C$2:$C$401,E14,Resultados!$U$2:$U$401,1)) -> 1 | L14: =IF(E14="","",SUMIFS(Resultados!$O$2:$O$401,Resultados!$D$2:$D$401,$A14,Resultados!$B$2:$B$401,$F$3,Resultados!$C$2:$C$401,E14,Resultados!$U$2:$U$401,1)) -> 1 | M14: =IF(E14="","",SUMIFS(Resultados!$P$2:$P$401,Resultados!$D$2:$D$401,$A14,Resultados!$B$2:$B$401,$F$3,Resultados!$C$2:$C$401,E14,Resultados!$U$2:$U$401,1)) -> 1 | N14: =IF(E14="","",SUMIFS(Resultados!$Q$2:$Q$401,Resultados!$D$2:$D$401,$A14,Resultados!$B$2:$B$401,$F$3,Resultados!$C$2:$C$401,E14,Resultados!$U$2:$U$401,1)) -> 1
A15: =Unidades!B11 -> CAPS Adulto | B15: =Unidades!C11 -> Centro de Atenção Psicossocial (CAPS) | C15: =IF(_xlfn.MAXIFS(Resultados!$C$2:$C$401,Resultados!$D$2:$D$401,$A15,Resultados!$B$2:$B$401,$C$3,Resultados!$U$2:$U$401,1)=0,"",_xlfn.MAXIFS(Resultados!$C$2:$C$401,Resultados!$D$2:$D$401,$A15,Resultados!$B$2:$B$401,$C$3,Resultados!$U$2:$U$401,1)) | D15: =IF(C15="","",SUMIFS(Resultados!$R$2:$R$401,Resultados!$D$2:$D$401,$A15,Resultados!$B$2:$B$401,$C$3,Resultados!$C$2:$C$401,C15,Resultados!$U$2:$U$401,1)) | E15: =IF(_xlfn.MAXIFS(Resultados!$C$2:$C$401,Resultados!$D$2:$D$401,$A15,Resultados!$B$2:$B$401,$F$3,Resultados!$U$2:$U$401,1)=0,"",_xlfn.MAXIFS(Resultados!$C$2:$C$401,Resultados!$D$2:$D$401,$A15,Resultados!$B$2:$B$401,$F$3,Resultados!$U$2:$U$401,1)) -> 46094 | F15: =IF(E15="","",SUMIFS(Resultados!$R$2:$R$401,Resultados!$D$2:$D$401,$A15,Resultados!$B$2:$B$401,$F$3,Resultados!$C$2:$C$401,E15,Resultados!$U$2:$U$401,1)) -> 0.74553571 | G15: =IF(OR(D15="",F15=""),"",(F15-D15)*100) | H15: =IF(_xlfn.MAXIFS(Resultados!$C$2:$C$401,Resultados!$D$2:$D$401,$A15,Resultados!$U$2:$U$401,1)=0,"",_xlfn.MAXIFS(Resultados!$C$2:$C$401,Resultados!$D$2:$D$401,$A15,Resultados!$U$2:$U$401,1)) -> 46094 | I15: =IF(H15="","",EDATE(H15,Unidades!F11)) -> 46278 | J15: =IF(Unidades!E11<>"ativa","suspensa",IF(H15="","sem visita",IF(I15<$K$3,"atrasada",IF(I15<=$K$3+30,"próximos 30 dias","em dia")))) -> atrasada | K15: =IF(E15="","",SUMIFS(Resultados!$N$2:$N$401,Resultados!$D$2:$D$401,$A15,Resultados!$B$2:$B$401,$F$3,Resultados!$C$2:$C$401,E15,Resultados!$U$2:$U$401,1)) -> 0.85714286 | L15: =IF(E15="","",SUMIFS(Resultados!$O$2:$O$401,Resultados!$D$2:$D$401,$A15,Resultados!$B$2:$B$401,$F$3,Resultados!$C$2:$C$401,E15,Resultados!$U$2:$U$401,1)) -> 0.875 | M15: =IF(E15="","",SUMIFS(Resultados!$P$2:$P$401,Resultados!$D$2:$D$401,$A15,Resultados!$B$2:$B$401,$F$3,Resultados!$C$2:$C$401,E15,Resultados!$U$2:$U$401,1)) -> 0.5 | N15: =IF(E15="","",SUMIFS(Resultados!$Q$2:$Q$401,Resultados!$D$2:$D$401,$A15,Resultados!$B$2:$B$401,$F$3,Resultados!$C$2:$C$401,E15,Resultados!$U$2:$U$401,1)) -> 0.75
A16: =Unidades!B12 -> UBS Mathiensen | B16: =Unidades!C12 -> Unidade Básica de Saúde (UBS) | C16: =IF(_xlfn.MAXIFS(Resultados!$C$2:$C$401,Resultados!$D$2:$D$401,$A16,Resultados!$B$2:$B$401,$C$3,Resultados!$U$2:$U$401,1)=0,"",_xlfn.MAXIFS(Resultados!$C$2:$C$401,Resultados!$D$2:$D$401,$A16,Resultados!$B$2:$B$401,$C$3,Resultados!$U$2:$U$401,1)) -> 45271 | D16: =IF(C16="","",SUMIFS(Resultados!$R$2:$R$401,Resultados!$D$2:$D$401,$A16,Resultados!$B$2:$B$401,$C$3,Resultados!$C$2:$C$401,C16,Resultados!$U$2:$U$401,1)) -> 0.35714286 | E16: =IF(_xlfn.MAXIFS(Resultados!$C$2:$C$401,Resultados!$D$2:$D$401,$A16,Resultados!$B$2:$B$401,$F$3,Resultados!$U$2:$U$401,1)=0,"",_xlfn.MAXIFS(Resultados!$C$2:$C$401,Resultados!$D$2:$D$401,$A16,Resultados!$B$2:$B$401,$F$3,Resultados!$U$2:$U$401,1)) -> 46125 | F16: =IF(E16="","",SUMIFS(Resultados!$R$2:$R$401,Resultados!$D$2:$D$401,$A16,Resultados!$B$2:$B$401,$F$3,Resultados!$C$2:$C$401,E16,Resultados!$U$2:$U$401,1)) -> 0.79464286 | G16: =IF(OR(D16="",F16=""),"",(F16-D16)*100) -> 43.75 | H16: =IF(_xlfn.MAXIFS(Resultados!$C$2:$C$401,Resultados!$D$2:$D$401,$A16,Resultados!$U$2:$U$401,1)=0,"",_xlfn.MAXIFS(Resultados!$C$2:$C$401,Resultados!$D$2:$D$401,$A16,Resultados!$U$2:$U$401,1)) -> 46125 | I16: =IF(H16="","",EDATE(H16,Unidades!F12)) -> 46308 | J16: =IF(Unidades!E12<>"ativa","suspensa",IF(H16="","sem visita",IF(I16<$K$3,"atrasada",IF(I16<=$K$3+30,"próximos 30 dias","em dia")))) -> próximos 30 dias | K16: =IF(E16="","",SUMIFS(Resultados!$N$2:$N$401,Resultados!$D$2:$D$401,$A16,Resultados!$B$2:$B$401,$F$3,Resultados!$C$2:$C$401,E16,Resultados!$U$2:$U$401,1)) -> 0.92857143 | L16: =IF(E16="","",SUMIFS(Resultados!$O$2:$O$401,Resultados!$D$2:$D$401,$A16,Resultados!$B$2:$B$401,$F$3,Resultados!$C$2:$C$401,E16,Resultados!$U$2:$U$401,1)) -> 0.75 | M16: =IF(E16="","",SUMIFS(Resultados!$P$2:$P$401,Resultados!$D$2:$D$401,$A16,Resultados!$B$2:$B$401,$F$3,Resultados!$C$2:$C$401,E16,Resultados!$U$2:$U$401,1)) -> 1 | N16: =IF(E16="","",SUMIFS(Resultados!$Q$2:$Q$401,Resultados!$D$2:$D$401,$A16,Resultados!$B$2:$B$401,$F$3,Resultados!$C$2:$C$401,E16,Resultados!$U$2:$U$401,1)) -> 0.5
A17: =Unidades!B13 -> UBS São Vito | B17: =Unidades!C13 -> Unidade Básica de Saúde (UBS) | C17: =IF(_xlfn.MAXIFS(Resultados!$C$2:$C$401,Resultados!$D$2:$D$401,$A17,Resultados!$B$2:$B$401,$C$3,Resultados!$U$2:$U$401,1)=0,"",_xlfn.MAXIFS(Resultados!$C$2:$C$401,Resultados!$D$2:$D$401,$A17,Resultados!$B$2:$B$401,$C$3,Resultados!$U$2:$U$401,1)) | D17: =IF(C17="","",SUMIFS(Resultados!$R$2:$R$401,Resultados!$D$2:$D$401,$A17,Resultados!$B$2:$B$401,$C$3,Resultados!$C$2:$C$401,C17,Resultados!$U$2:$U$401,1)) | E17: =IF(_xlfn.MAXIFS(Resultados!$C$2:$C$401,Resultados!$D$2:$D$401,$A17,Resultados!$B$2:$B$401,$F$3,Resultados!$U$2:$U$401,1)=0,"",_xlfn.MAXIFS(Resultados!$C$2:$C$401,Resultados!$D$2:$D$401,$A17,Resultados!$B$2:$B$401,$F$3,Resultados!$U$2:$U$401,1)) -> 46189 | F17: =IF(E17="","",SUMIFS(Resultados!$R$2:$R$401,Resultados!$D$2:$D$401,$A17,Resultados!$B$2:$B$401,$F$3,Resultados!$C$2:$C$401,E17,Resultados!$U$2:$U$401,1)) -> 1 | G17: =IF(OR(D17="",F17=""),"",(F17-D17)*100) | H17: =IF(_xlfn.MAXIFS(Resultados!$C$2:$C$401,Resultados!$D$2:$D$401,$A17,Resultados!$U$2:$U$401,1)=0,"",_xlfn.MAXIFS(Resultados!$C$2:$C$401,Resultados!$D$2:$D$401,$A17,Resultados!$U$2:$U$401,1)) -> 46189 | I17: =IF(H17="","",EDATE(H17,Unidades!F13)) -> 46372 | J17: =IF(Unidades!E13<>"ativa","suspensa",IF(H17="","sem visita",IF(I17<$K$3,"atrasada",IF(I17<=$K$3+30,"próximos 30 dias","em dia")))) -> em dia | K17: =IF(E17="","",SUMIFS(Resultados!$N$2:$N$401,Resultados!$D$2:$D$401,$A17,Resultados!$B$2:$B$401,$F$3,Resultados!$C$2:$C$401,E17,Resultados!$U$2:$U$401,1)) -> 1 | L17: =IF(E17="","",SUMIFS(Resultados!$O$2:$O$401,Resultados!$D$2:$D$401,$A17,Resultados!$B$2:$B$401,$F$3,Resultados!$C$2:$C$401,E17,Resultados!$U$2:$U$401,1)) -> 1 | M17: =IF(E17="","",SUMIFS(Resultados!$P$2:$P$401,Resultados!$D$2:$D$401,$A17,Resultados!$B$2:$B$401,$F$3,Resultados!$C$2:$C$401,E17,Resultados!$U$2:$U$401,1)) -> 1 | N17: =IF(E17="","",SUMIFS(Resultados!$Q$2:$Q$401,Resultados!$D$2:$D$401,$A17,Resultados!$B$2:$B$401,$F$3,Resultados!$C$2:$C$401,E17,Resultados!$U$2:$U$401,1)) -> 1
... A51: =Unidades!B47 -> Serviço de Transporte em Saúde | B51: =Unidades!C47 -> Apoio Diagnóstico e Terapêutico | C51: =IF(_xlfn.MAXIFS(Resultados!$C$2:$C$401,Resultados!$D$2:$D$401,$A51,Resultados!$B$2:$B$401,$C$3,Resultados!$U$2:$U$401,1)=0,"",_xlfn.MAXIFS(Resultados!$C$2:$C$401,Resultados!$D$2:$D$401,$A51,Resultados!$B$2:$B$401,$C$3,Resultados!$U$2:$U$401,1)) | D51: =IF(C51="","",SUMIFS(Resultados!$R$2:$R$401,Resultados!$D$2:$D$401,$A51,Resultados!$B$2:$B$401,$C$3,Resultados!$C$2:$C$401,C51,Resultados!$U$2:$U$401,1)) | E51: =IF(_xlfn.MAXIFS(Resultados!$C$2:$C$401,Resultados!$D$2:$D$401,$A51,Resultados!$B$2:$B$401,$F$3,Resultados!$U$2:$U$401,1)=0,"",_xlfn.MAXIFS(Resultados!$C$2:$C$401,Resultados!$D$2:$D$401,$A51,Resultados!$B$2:$B$401,$F$3,Resultados!$U$2:$U$401,1)) | F51: =IF(E51="","",SUMIFS(Resultados!$R$2:$R$401,Resultados!$D$2:$D$401,$A51,Resultados!$B$2:$B$401,$F$3,Resultados!$C$2:$C$401,E51,Resultados!$U$2:$U$401,1)) | G51: =IF(OR(D51="",F51=""),"",(F51-D51)*100) | H51: =IF(_xlfn.MAXIFS(Resultados!$C$2:$C$401,Resultados!$D$2:$D$401,$A51,Resultados!$U$2:$U$401,1)=0,"",_xlfn.MAXIFS(Resultados!$C$2:$C$401,Resultados!$D$2:$D$401,$A51,Resultados!$U$2:$U$401,1)) | I51: =IF(H51="","",EDATE(H51,Unidades!F47)) | J51: =IF(Unidades!E47<>"ativa","suspensa",IF(H51="","sem visita",IF(I51<$K$3,"atrasada",IF(I51<=$K$3+30,"próximos 30 dias","em dia")))) -> sem visita | K51: =IF(E51="","",SUMIFS(Resultados!$N$2:$N$401,Resultados!$D$2:$D$401,$A51,Resultados!$B$2:$B$401,$F$3,Resultados!$C$2:$C$401,E51,Resultados!$U$2:$U$401,1)) | L51: =IF(E51="","",SUMIFS(Resultados!$O$2:$O$401,Resultados!$D$2:$D$401,$A51,Resultados!$B$2:$B$401,$F$3,Resultados!$C$2:$C$401,E51,Resultados!$U$2:$U$401,1)) | M51: =IF(E51="","",SUMIFS(Resultados!$P$2:$P$401,Resultados!$D$2:$D$401,$A51,Resultados!$B$2:$B$401,$F$3,Resultados!$C$2:$C$401,E51,Resultados!$U$2:$U$401,1)) | N51: =IF(E51="","",SUMIFS(Resultados!$Q$2:$Q$401,Resultados!$D$2:$D$401,$A51,Resultados!$B$2:$B$401,$F$3,Resultados!$C$2:$C$401,E51,Resultados!$U$2:$U$401,1))
A53: Síntese do ciclo comparado
A54: Unidades visitadas | D54: =COUNT(F6:F51) -> 32
A55: Nota média | D55: =IFERROR(AVERAGE(F6:F51),"") -> 0.81961496
A56: Adequadas (verde) | D56: =COUNTIF(F6:F51,">="&Faixas!$C$4) -> 19
A57: Atenção (amarelo) | D57: =COUNTIFS(F6:F51,">="&Faixas!$C$3,F6:F51,"<"&Faixas!$C$4) -> 12
A58: Críticas (vermelho) | D58: =COUNTIF(F6:F51,"<"&Faixas!$C$3) -> 1
A59: Visitas atrasadas | D59: =COUNTIF(J6:J51,"atrasada") -> 11

Sheet Dimensoes
A1: Código | B1: Dimensão | C1: Peso | D1: Nº itens | E1: Pontuação máx. por item | F1: Pontos máx. da dimensão
A2: I | B2: Infraestrutura Física (prédios, equipamentos e insumos) | C2: 0.25 | D2: =COUNTIF(Itens!$B$2:$B$100,A2) -> 7 | E2: 2 | F2: =D2*E2 -> 14
A3: II | B3: Infraestrutura Humana | C3: 0.25 | D3: =COUNTIF(Itens!$B$2:$B$100,A3) -> 4 | E3: 2 | F3: =D3*E3 -> 8
A4: III | B4: Desempenho no Plano Municipal de Saúde | C4: 0.25 | D4: =COUNTIF(Itens!$B$2:$B$100,A4) -> 1 | E4: 2 | F4: =D4*E4 -> 2
A5: IV | B5: Percepção do Usuário | C5: 0.25 | D5: =COUNTIF(Itens!$B$2:$B$100,A5) -> 2 | E5: 2 | F5: =D5*E5 -> 4
B6: Total | C6: =SUM(C2:C5) -> 1 | D6: =SUM(D2:D5) -> 14 | F6: =SUM(F2:F5) -> 28

Sheet Itens
A1: Item | B1: Dimensão | C1: Nome do item indicador | D1: Meta esperada | E1: Fonte de observação | F1: Periodicidade
A2: I.1 | B2: I | C2: Infraestrutura civil | D2: Prédio novo ou reformado com paredes e tetos pintados, sem mofo, infiltrações ou goteiras | E2: Observações dos conselheiros e entrevista com o coordenador durante visita | F2: Semestral (exceto hospital - ver cronograma de visitas)
A3: I.2 | B3: I | C3: Infraestrutura elétrica | D3: Fiação elétrica em bom estado com equipamentos de manutenção de energia elétrica (no-break e/ou gerador) | E3: Observações dos conselheiros e entrevista com o coordenador durante visita | F3: Semestral (exceto hospital - ver cronograma de visitas)
A4: I.3 | B4: I | C4: Infraestrutura hidráulica | D4: Canos, calhas e esgotos sem entupimentos ou vazamentos | E4: Observações dos conselheiros e entrevista com o coordenador durante visita | F4: Semestral (exceto hospital - ver cronograma de visitas)
A5: I.4 | B5: I | C5: Infraestrutura de comunicação | D5: Disponibilidade de internet, telefones e computadores funcionantes e suficientes para todo o serviço | E5: Observações dos conselheiros e entrevista com o coordenador durante visita | F5: Semestral (exceto hospital - ver cronograma de visitas)
A6: I.5 | B6: I | C6: Equipamentos | D6: Número suficiente e condições adequadas de utilização dos equipamentos para prestação do serviço | E6: Observações dos conselheiros e entrevista com o coordenador durante visita | F6: Semestral (exceto hospital - ver cronograma de visitas)
A7: I.6 | B7: I | C7: Materiais, medicamentos e insumos | D7: Materiais e insumos em quantidade, reposição e condições de armazenamento adequadas | E7: Observações dos conselheiros e entrevista com o coordenador durante visita | F7: Semestral (exceto hospital - ver cronograma de visitas)
A8: I.7 | B8: I | C8: Conforto, limpeza e organização | D8: Ambiente agradável, organizado, sinalizado, com espaço para circulação, boa luminosidade e sem lixo espalhado pelo estabelecimento | E8: Observações dos conselheiros e entrevista com o coordenador durante visita | F8: Semestral (exceto hospital - ver cronograma de visitas)
A9: II.1 | B9: II | C9: Utilização de indicadores de gestão | D9: Disponibilidade de dados sobre número de atendimentos, capacidade de serviço, número de altas, número de pacientes cadastrados no serviço, principais queixas dos usuários, entre outros. Evidências sobre decisões da coordenação com base nesses dados. | E9: Apresentação de dados em fala do coordenador e existência de planilhas com os indicadores medidos na Unidade | F9: Semestral (exceto hospital - ver cronograma de visitas)
A10: II.2 | B10: II | C10: Dimensionamento de equipe | D10: Presença de escalas de trabalho visíveis e obedecidas pelos funcionários da Unidade com cobertura de todos os horários de atendimento | E10: Apresentação, compatibilidade com o trabalho e adequação das escalas e horários de trabalho dos funcionários do estabelecimento de saúde | F10: Semestral (exceto hospital - ver cronograma de visitas)
A11: II.3 | B11: II | C11: Execução do cronograma de capacitação da equipe de trabalho | D11: Mecanismos de Educação Permanente dos funcionários planejados e funcionantes | E11: Coordenador da Unidade tem disponível um cronograma de Educação Permanente dos funcionários planejado e realizado | F11: Semestral (exceto hospital - ver cronograma de visitas)
A12: II.4 | B12: II | C12: Disponibilidade de agendamento de consultas, exames e procedimentos | D12: Disponibilização de vagas mensais de consultas, exames ou procedimentos compatíveis com a capacidade, a demanda e a pactuação com a SMS | E12: Há um relatório com comparação do número de vagas mensais ofertadas e utilizadas com as consultas, exames ou procedimentos de responsabilidade do estabelecimento | F12: Semestral (exceto hospital - ver cronograma de visitas)
... A15: IV.2 | B15: IV | C15: Satisfação dos usuários | D15: Estabelecimento de saúde com alto nível de satisfação do usuário (NPS > 80%) | E15: Resultado de percepção do usuário a partir de entrevistas realizadas durante as visitas do COMSAUDE ao estabelecimento de saúde | F15: Semestral (exceto hospital - ver cronograma de visitas)

Sheet Faixas
A1: Cor | B1: Rótulo | C1: Limite inferior (inclusive)
A2: vermelho | B2: Crítico | C2: 0
A3: amarelo | B3: Atenção | C3: 0.4
A4: verde | B4: Adequado | C4: 0.8
A6: A planilha original usava formatação condicional com intervalos 0 a 0,40 / 0,41 a 0,79 / 0,80 a 1, que deixavam lacunas sem cor (ex.: 79,5%). Aqui os limites são contínuos.

Sheet Unidades
A1: id | B1: Unidade | C1: Tipo | D1: Aba na planilha original | E1: Situação | F1: Periodicidade (meses) | G1: Gestão | H1: Observação
A2: 1 | B2: UAD - Unidade de Atendimento Domiciliar | C2: Atenção Domiciliar | D2: UAD | E2: ativa | F2: 6
A3: 2 | B3: UBS Jardim São Paulo | C3: Unidade Básica de Saúde (UBS) | D3: UBS J. São Paulo | E3: ativa | F3: 6
A4: 3 | B4: Hospital Municipal Dr. Waldemar Tebaldi | C4: Hospital | D4: H. M.Urg. e Emerg. | E4: ativa | F4: 6 | H4: Cronograma de visitas próprio (Performance 2023, linha 41).
A5: 4 | B5: UPA Dona Rosa | C5: Urgência e Emergência | D5: UPA D. Rosa | E5: ativa | F5: 6 | H5: Verificar se corresponde à UPA São José avaliada em 2023.
A6: 5 | B6: Banco de Sangue | C6: Apoio Diagnóstico e Terapêutico | D6: Banco de Sangue | E6: ativa | F6: 6
A7: 6 | B7: UBS Parque Gramado | C7: Unidade Básica de Saúde (UBS) | D7: UBS Parque Gramado | E7: ativa | F7: 6 | H7: Situação em 2023: reforma.
A8: 7 | B8: ESF São José | C8: Estratégia Saúde da Família (ESF) | D8: ESF São José | E8: ativa | F8: 6 | H8: Unidade recém reformada e entregue em novembro/2023.
A9: 8 | B9: ESF Praia Azul | C9: Estratégia Saúde da Família (ESF) | D9: ESF Praia Azul | E9: ativa | F9: 6
A10: 9 | B10: ESF Jardim Brasil | C10: Estratégia Saúde da Família (ESF) | D10: ESF Jardim Brasil | E10: ativa | F10: 6
A11: 10 | B11: CAPS Adulto | C11: Centro de Atenção Psicossocial (CAPS) | D11: Caps Adulto | E11: ativa | F11: 6 | H11: Verificar se corresponde ao CAPS Arte & Vida da lista 2023.
A12: 11 | B12: UBS Mathiensen | C12: Unidade Básica de Saúde (UBS) | D12: UBS Mathiensen | E12: ativa | F12: 6
A13: 12 | B13: UBS São Vito | C13: Unidade Básica de Saúde (UBS) | D13: UBS São Vito | E13: ativa | F13: 6 | H13: Situação em 2023: reforma.
A14: 13 | B14: CAPS Infantil Larissa de Almeida | C14: Centro de Atenção Psicossocial (CAPS) | D14: Caps Infantil | E14: ativa | F14: 6
A15: 14 | B15: UBS Parque das Nações | C15: Unidade Básica de Saúde (UBS) | D15: UBS Parque das Nações | E15: ativa | F15: 6 | H15: Situação em 2023: reforma.
A16: 15 | B16: ESF Liberdade | C16: Estratégia Saúde da Família (ESF) | D16: ESF Liberdade | E16: ativa | F16: 6 | H16: Situação em 2023: reforma.
A17: 16 | B17: ESF Jaguari | C17: Estratégia Saúde da Família (ESF) | D17: ESF Jaguari | E17: ativa | F17: 6 | H17: Situação em 2023: reforma.
A18: 17 | B18: ESF Zanaga I | C18: Estratégia Saúde da Família (ESF) | D18: ESF Zanaga I | E18: ativa | F18: 6
A19: 18 | B19: ESF Zanaga II | C19: Estratégia Saúde da Família (ESF) | D19: ESF Zanaga II | E19: ativa | F19: 6
A20: 19 | B20: ADAM | C20: Entidade Parceira / Conveniada | D20: ADAM | E20: ativa | F20: 6
A21: 20 | B21: AEPHIVA | C21: Entidade Parceira / Conveniada | D21: AEPHIVA | E21: ativa | F21: 6 | H21: Visita extraordinária registrada a partir de ago/2023.
A22: 21 | B22: UBS Cariobinha | C22: Unidade Básica de Saúde (UBS) | D22: UBS Cariobinha | E22: ativa | F22: 6 | H22: Unidade recém reformada e entregue em dezembro/2023.
A23: 22 | B23: UNACON - Unidade de Oncologia | C23: Atenção Especializada | D23: UNACON | E23: ativa | F23: 6
A24: 23 | B24: APAE | C24: Entidade Parceira / Conveniada | D24: APAE | E24: ativa | F24: 6 | H24: Visita extraordinária registrada a partir de ago/2023.
A25: 24 | B25: UVISA - Vigilância Sanitária | C25: Vigilância em Saúde | D25: UVISA | E25: ativa | F25: 6
A26: 25 | B26: SAE/DST | C26: Atenção Especializada | D26: SAE DST | E26: ativa | F26: 6 | H26: Itens de percepção do usuário não se aplicam (sigilo).
A27: 26 | B27: Clínica Jones | C27: A classificar | D27: Clínica Jones | E27: ativa | F27: 6
A28: 27 | B28: UBS Vila Gallo | C28: Unidade Básica de Saúde (UBS) | D28: UBS Vila Gallo | E28: ativa | F28: 6
A29: 28 | B29: CCZ - Centro de Controle de Zoonoses | C29: Vigilância em Saúde | D29: CCZ | E29: ativa | F29: 6
A30: 29 | B30: CTA - Centro de Testagem e Aconselhamento | C30: Atenção Especializada | D30: CTA | E30: ativa | F30: 6
A31: 30 | B31: UBS Jardim Ipiranga | C31: Unidade Básica de Saúde (UBS) | D31: UBS Jardim Ipiranga | E31: ativa | F31: 6
A32: 31 | B32: CAPS AD Vida Nova (Álcool e Drogas) | C32: Centro de Atenção Psicossocial (CAPS) | D32: CAPS Alcool e Drogas | E32: ativa | F32: 6
A33: 32 | B33: PA Antonio Zanaga | C33: Urgência e Emergência | D33: PA Zanaga | E33: ativa | F33: 6 | H33: Denominada UPA Bairro Antonio Zanaga em 2023.
A34: 33 | B34: UBS Dona Rosa | C34: Unidade Básica de Saúde (UBS) | D34: UBS Dona Rosa | E34: ativa | F34: 6
A35: 34 | B35: UBS Jardim Boer | C35: Unidade Básica de Saúde (UBS) | D35: UBS Jd Boer | E35: ativa | F35: 6
A36: 35 | B36: ESF Alvorada | C36: Estratégia Saúde da Família (ESF) | D36: ESF Alvorada | E36: ativa | F36: 6
A37: 36 | B37: ESF Mário Covas | C37: Estratégia Saúde da Família (ESF) | D37: ESF Mário Covas | E37: ativa | F37: 6
A38: 37 | B38: Núcleo de Especialidades de Americana | C38: Atenção Especializada | D38: Núcleo Especialidades | E38: ativa | F38: 6
A39: 38 | B39: UBS São Domingos | C39: Unidade Básica de Saúde (UBS) | D39: UBS São Domingos | E39: ativa | F39: 6
A40: 39 | B40: UBS Guanabara | C40: Unidade Básica de Saúde (UBS) | D40: UBS Guanabara | E40: ativa | F40: 6
A41: 40 | B41: UBS Liberdade | C41: Unidade Básica de Saúde (UBS) | D41: UBS LIBERDADE | E41: ativa | F41: 6
A42: 41 | B42: Clínica Modelo Zanaga | C42: A classificar | D42: Clínica Mod. ZANAGA | E42: ativa | F42: 6 | H42: Confirmar nome oficial e tipo de estabelecimento.
A43: 42 | B43: Farmácia Central | C43: Assistência Farmacêutica | D43: Farmácia Central (2) | E43: ativa | F43: 6 | H43: Situação em 2023: reforma.
A44: 43 | B44: CEO - Centro de Especialidades Odontológicas | C44: Atenção Especializada | D44: CEO | E44: ativa | F44: 6 | H44: Situação em 2023: reforma.
A45: 44 | B45: UPA São José | C45: Urgência e Emergência | E45: ativa | F45: 6 | H45: Avaliada em 2023. Sem aba própria na planilha de 2026.
A46: 45 | B46: SAMU 192 - Serviço de Atendimento Móvel de Urgência | C46: Urgência e Emergência | E46: ativa | F46: 6 | H46: Constava na lista 2023 sem visita (situação: reforma).
A47: 46 | B47: Serviço de Transporte em Saúde | C47: Apoio Diagnóstico e Terapêutico | E47: ativa | F47: 6 | H47: Visita extraordinária registrada a partir de ago/2023.

Sheet Visitas
A1: id | B1: Unidade | C1: Ciclo | D1: Data da visita | E1: Data aproximada | F1: Situação | G1: Origem | H1: Observação da importação
A2: 1 | B2: UBS Jardim Boer | C2: 2023 | D2: 45251 | E2: não | F2: concluida | G2: Planilha: Performance Unidades 2023 (linha 7) + Avaliação Global
A3: 2 | B3: UBS Jardim Ipiranga | C3: 2023 | D3: 45271 | E3: não | F3: concluida | G3: Planilha: Performance Unidades 2023 (linha 8) + Avaliação Global
A4: 3 | B4: UBS Jardim São Paulo | C4: 2023 | D4: 45231 | E4: sim | F4: concluida | G4: Planilha: Performance Unidades 2023 (linha 9) + Avaliação Global | H4: Data registrada como "nov/23??" na Performance 2023; dia aproximado. Pontuação recuperada da Avaliação Global; na Performance 2023 a linha apresentava erro de referência (fórmula quebrada).
A5: 4 | B5: UBS Dona Rosa | C5: 2023 | D5: 45229 | E5: não | F5: concluida | G5: Planilha: Performance Unidades 2023 (linha 10) + Avaliação Global
A6: 5 | B6: UBS Guanabara | C6: 2023 | D6: 45166 | E6: não | F6: concluida | G6: Planilha: Performance Unidades 2023 (linha 11) + Avaliação Global
A7: 6 | B7: UBS Mathiensen | C7: 2023 | D7: 45271 | E7: não | F7: concluida | G7: Planilha: Performance Unidades 2023 (linha 12) + Avaliação Global
A8: 7 | B8: UBS São Domingos | C8: 2023 | D8: 45104 | E8: não | F8: concluida | G8: Planilha: Performance Unidades 2023 (linha 15) + Avaliação Global
A9: 8 | B9: UBS Cariobinha | C9: 2023 | D9: 45268 | E9: não | F9: incompleta | G9: Planilha: Performance Unidades 2023 (linha 17) + Avaliação Global | H9: 7 item(ns) sem pontuação na origem.
A10: 9 | B10: UBS Vila Gallo | C10: 2023 | D10: 45159 | E10: não | F10: concluida | G10: Planilha: Performance Unidades 2023 (linha 18) + Avaliação Global | H10: Item III.1 com duas marcações na Avaliação Global (0 e 1); adotado 1, conforme Performance 2023.
A11: 10 | B11: ESF Alvorada | C11: 2023 | D11: 45124 | E11: não | F11: incompleta | G11: Planilha: Performance Unidades 2023 (linha 19) + Avaliação Global | H11: 10 item(ns) sem pontuação na origem.
A12: 11 | B12: ESF Mário Covas | C12: 2023 | D12: 45229 | E12: não | F12: concluida | G12: Planilha: Performance Unidades 2023 (linha 23) + Avaliação Global
A13: 12 | B13: ESF São José | C13: 2023 | D13: 45254 | E13: não | F13: incompleta | G13: Planilha: Performance Unidades 2023 (linha 25) + Avaliação Global | H13: Apenas a dimensão Infraestrutura Física foi avaliada (14 de 14 pontos); itens reconstruídos com nota máxima. 7 item(ns) sem pontuação na origem.
A14: 13 | B14: UAD - Unidade de Atendimento Domiciliar | C14: 2023 | D14: 45106 | E14: não | F14: concluida | G14: Planilha: Performance Unidades 2023 (linha 27) + Avaliação Global
A15: 14 | B15: CAPS AD Vida Nova (Álcool e Drogas) | C15: 2023 | D15: 45257 | E15: não | F15: concluida | G15: Planilha: Performance Unidades 2023 (linha 29) + Avaliação Global | H15: Performance 2023 registrava 21/11/2023; adotada a data 27/11/2023 da aba da unidade.
A16: 15 | B16: Núcleo de Especialidades de Americana | C16: 2023 | D16: 45124 | E16: não | F16: concluida | G16: Planilha: Performance Unidades 2023 (linha 32) + Avaliação Global
A17: 16 | B17: UPA São José | C17: 2023 | D17: 45222 | E17: não | F17: concluida | G17: Planilha: Performance Unidades 2023 (linha 33) + Avaliação Global | H17: Item III.1 = 0 na Avaliação Global, mas a Performance 2023 registrava 1 ponto (50%) digitado manualmente; mantido o valor do item.
A18: 17 | B18: PA Antonio Zanaga | C18: 2023 | D18: 45198 | E18: não | F18: incompleta | G18: Planilha: Performance Unidades 2023 (linha 34) + Avaliação Global | H18: 1 item(ns) sem pontuação na origem.
A19: 18 | B19: UNACON - Unidade de Oncologia | C19: 2023 | D19: 45268 | E19: não | F19: concluida | G19: Planilha: Performance Unidades 2023 (linha 35) + Avaliação Global | H19: Performance 2023 registrava "agosto??"; adotada a data 08/12/2023 da aba UNACON, que traz as mesmas notas.
A20: 19 | B20: CCZ - Centro de Controle de Zoonoses | C20: 2023 | D20: 45162 | E20: não | F20: concluida | G20: Planilha: Performance Unidades 2023 (linha 38) + Avaliação Global | H20: Item III.1 com duas marcações na Avaliação Global (0 e 1); adotado 1, conforme Performance 2023. Comentário de percepção do usuário idêntico ao da UNACON na Performance 2023 (provável cópia).
A21: 20 | B21: CTA - Centro de Testagem e Aconselhamento | C21: 2023 | D21: 45268 | E21: não | F21: concluida | G21: Planilha: Performance Unidades 2023 (linha 39) + Avaliação Global
A22: 21 | B22: UAD - Unidade de Atendimento Domiciliar | C22: 2026 | D22: 46164 | E22: não | F22: concluida | G22: Planilha: aba "UAD" | H22: Itens IV.1 e IV.2 estavam com 2 pontos, mas o quadro-resumo marcava a dimensão como "não aplicável"; importados como não se aplica.
A23: 22 | B23: UBS Jardim São Paulo | C23: 2026 | D23: 46090 | E23: não | F23: concluida | G23: Planilha: aba "UBS J. São Paulo"
A24: 23 | B24: Hospital Municipal Dr. Waldemar Tebaldi | C24: 2026 | D24: 46091 | E24: não | F24: concluida | G24: Planilha: aba "H. M.Urg. e Emerg."
A25: 24 | B25: UPA Dona Rosa | C25: 2026 | D25: 46093 | E25: não | F25: concluida | G25: Planilha: aba "UPA D. Rosa"
A26: 25 | B26: Banco de Sangue | C26: 2026 | D26: 46122 | E26: não | F26: concluida | G26: Planilha: aba "Banco de Sangue"
A27: 26 | B27: UBS Parque Gramado | C27: 2026 | D27: 46156 | E27: não | F27: concluida | G27: Planilha: aba "UBS Parque Gramado"
A28: 27 | B28: ESF São José | C28: 2026 | D28: 46142 | E28: não | F28: concluida | G28: Planilha: aba "ESF São José" | H28: Cabeçalho do quadro-resumo da aba indicava "ESF SÃO VITO" (erro de cópia).
A29: 28 | B29: ESF Praia Azul | C29: 2026 | D29: 46190 | E29: não | F29: concluida | G29: Planilha: aba "ESF Praia Azul"
A30: 29 | B30: ESF Jardim Brasil | C30: 2026 | D30: 46162 | E30: não | F30: concluida | G30: Planilha: aba "ESF Jardim Brasil"
A31: 30 | B31: CAPS Adulto | C31: 2026 | D31: 46094 | E31: não | F31: concluida | G31: Planilha: aba "Caps Adulto"
A32: 31 | B32: UBS Mathiensen | C32: 2026 | D32: 46125 | E32: não | F32: concluida | G32: Planilha: aba "UBS Mathiensen"
A33: 32 | B33: UBS São Vito | C33: 2026 | D33: 46189 | E33: não | F33: concluida | G33: Planilha: aba "UBS São Vito"
A34: 33 | B34: CAPS Infantil Larissa de Almeida | C34: 2026 | D34: 46234 | E34: não | F34: concluida | G34: Planilha: aba "Caps Infantil"
A35: 34 | B35: UBS Parque das Nações | C35: 2026 | D35: 46254 | E35: não | F35: concluida | G35: Planilha: aba "UBS Parque das Nações"
A36: 35 | B36: ESF Liberdade | C36: 2026 | D36: 46240 | E36: não | F36: concluida | G36: Planilha: aba "ESF Liberdade"
A37: 36 | B37: ESF Jaguari | C37: 2026 | D37: 46258 | E37: não | F37: concluida | G37: Planilha: aba "ESF Jaguari"
A38: 37 | B38: ESF Zanaga I | C38: 2026 | D38: 46239 | E38: não | F38: concluida | G38: Planilha: aba "ESF Zanaga I"
A39: 38 | B39: UBS Cariobinha | C39: 2026 | D39: 46254 | E39: não | F39: concluida | G39: Planilha: aba "UBS Cariobinha"
A40: 39 | B40: SAE/DST | C40: 2026 | D40: 46191 | E40: não | F40: concluida | G40: Planilha: aba "SAE DST" | H40: Percepção do usuário não se aplica em respeito ao sigilo.
A41: 40 | B41: UBS Vila Gallo | C41: 2026 | D41: 46092 | E41: não | F41: concluida | G41: Planilha: aba "UBS Vila Gallo"
A42: 41 | B42: CCZ - Centro de Controle de Zoonoses | C42: 2026 | D42: 46161 | E42: não | F42: concluida | G42: Planilha: aba "CCZ"
A43: 42 | B43: UBS Jardim Ipiranga | C43: 2026 | D43: 46189 | E43: não | F43: concluida | G43: Planilha: aba "UBS Jardim Ipiranga"
A44: 43 | B44: PA Antonio Zanaga | C44: 2026 | D44: 46107 | E44: não | F44: concluida | G44: Planilha: aba "PA Zanaga"
A45: 44 | B45: UBS Jardim Boer | C45: 2026 | D45: 46163 | E45: não | F45: concluida | G45: Planilha: aba "UBS Jd Boer"
A46: 45 | B46: ESF Alvorada | C46: 2026 | D46: 46136 | E46: não | F46: concluida | G46: Planilha: aba "ESF Alvorada"
A47: 46 | B47: ESF Mário Covas | C47: 2026 | D47: 46240 | E47: não | F47: concluida | G47: Planilha: aba "ESF Mário Covas"
A48: 47 | B48: Núcleo de Especialidades de Americana | C48: 2026 | D48: 46119 | E48: não | F48: concluida | G48: Planilha: aba "Núcleo Especialidades"
A49: 48 | B49: UBS São Domingos | C49: 2026 | D49: 46134 | E49: não | F49: concluida | G49: Planilha: aba "UBS São Domingos"
A50: 49 | B50: UBS Guanabara | C50: 2026 | D50: 46198 | E50: não | F50: concluida | G50: Planilha: aba "UBS Guanabara"
A51: 50 | B51: Clínica Modelo Zanaga | C51: 2026 | D51: 46240 | E51: não | F51: concluida | G51: Planilha: aba "Clínica Mod. ZANAGA" | H51: Item IV.2 marcado como não se aplica. Cabeçalho do quadro-resumo da aba indicava "UBS D. ROSA" (erro de cópia).
A52: 51 | B52: Farmácia Central | C52: 2026 | D52: 46258 | E52: não | F52: concluida | G52: Planilha: aba "Farmácia Central (2)" | H52: Cabeçalho do quadro-resumo da aba indicava "UBS D. ROSA" (erro de cópia).
A53: 52 | B53: CEO - Centro de Especialidades Odontológicas | C53: 2026 | D53: 46188 | E53: não | F53: concluida | G53: Planilha: aba "CEO" | H53: Cabeçalho do quadro-resumo da aba indicava "UBS D. ROSA" (erro de cópia).

Sheet Avaliacoes
A1: visita_id | B1: Unidade (conferência) | C1: Item | D1: Nome do item | E1: Ciclo (conferência) | F1: Dimensão | G1: Pontuação (0 a 2) | H1: Não se aplica (1/0)
A2: 1 | B2: =IFERROR(INDEX(Visitas!$B$2:$B$401,MATCH(A2,Visitas!$A$2:$A$401,0)),"") -> UBS Jardim Boer | C2: I.1 | D2: =IFERROR(INDEX(Itens!$C$2:$C$100,MATCH(C2,Itens!$A$2:$A$100,0)),"") -> Infraestrutura civil | E2: =IFERROR(INDEX(Visitas!$C$2:$C$401,MATCH(A2,Visitas!$A$2:$A$401,0)),"") -> 2023 | F2: =IFERROR(INDEX(Itens!$B$2:$B$100,MATCH(C2,Itens!$A$2:$A$100,0)),"") -> I | G2: 1 | H2: 0
A3: 1 | B3: =IFERROR(INDEX(Visitas!$B$2:$B$401,MATCH(A3,Visitas!$A$2:$A$401,0)),"") -> UBS Jardim Boer | C3: I.2 | D3: =IFERROR(INDEX(Itens!$C$2:$C$100,MATCH(C3,Itens!$A$2:$A$100,0)),"") -> Infraestrutura elétrica | E3: =IFERROR(INDEX(Visitas!$C$2:$C$401,MATCH(A3,Visitas!$A$2:$A$401,0)),"") -> 2023 | F3: =IFERROR(INDEX(Itens!$B$2:$B$100,MATCH(C3,Itens!$A$2:$A$100,0)),"") -> I | G3: 1 | H3: 0
A4: 1 | B4: =IFERROR(INDEX(Visitas!$B$2:$B$401,MATCH(A4,Visitas!$A$2:$A$401,0)),"") -> UBS Jardim Boer | C4: I.3 | D4: =IFERROR(INDEX(Itens!$C$2:$C$100,MATCH(C4,Itens!$A$2:$A$100,0)),"") -> Infraestrutura hidráulica | E4: =IFERROR(INDEX(Visitas!$C$2:$C$401,MATCH(A4,Visitas!$A$2:$A$401,0)),"") -> 2023 | F4: =IFERROR(INDEX(Itens!$B$2:$B$100,MATCH(C4,Itens!$A$2:$A$100,0)),"") -> I | G4: 1 | H4: 0
A5: 1 | B5: =IFERROR(INDEX(Visitas!$B$2:$B$401,MATCH(A5,Visitas!$A$2:$A$401,0)),"") -> UBS Jardim Boer | C5: I.4 | D5: =IFERROR(INDEX(Itens!$C$2:$C$100,MATCH(C5,Itens!$A$2:$A$100,0)),"") -> Infraestrutura de comunicação | E5: =IFERROR(INDEX(Visitas!$C$2:$C$401,MATCH(A5,Visitas!$A$2:$A$401,0)),"") -> 2023 | F5: =IFERROR(INDEX(Itens!$B$2:$B$100,MATCH(C5,Itens!$A$2:$A$100,0)),"") -> I | G5: 2 | H5: 0
A6: 1 | B6: =IFERROR(INDEX(Visitas!$B$2:$B$401,MATCH(A6,Visitas!$A$2:$A$401,0)),"") -> UBS Jardim Boer | C6: I.5 | D6: =IFERROR(INDEX(Itens!$C$2:$C$100,MATCH(C6,Itens!$A$2:$A$100,0)),"") -> Equipamentos | E6: =IFERROR(INDEX(Visitas!$C$2:$C$401,MATCH(A6,Visitas!$A$2:$A$401,0)),"") -> 2023 | F6: =IFERROR(INDEX(Itens!$B$2:$B$100,MATCH(C6,Itens!$A$2:$A$100,0)),"") -> I | G6: 1 | H6: 0
A7: 1 | B7: =IFERROR(INDEX(Visitas!$B$2:$B$401,MATCH(A7,Visitas!$A$2:$A$401,0)),"") -> UBS Jardim Boer | C7: I.6 | D7: =IFERROR(INDEX(Itens!$C$2:$C$100,MATCH(C7,Itens!$A$2:$A$100,0)),"") -> Materiais, medicamentos e insumos | E7: =IFERROR(INDEX(Visitas!$C$2:$C$401,MATCH(A7,Visitas!$A$2:$A$401,0)),"") -> 2023 | F7: =IFERROR(INDEX(Itens!$B$2:$B$100,MATCH(C7,Itens!$A$2:$A$100,0)),"") -> I | G7: 1 | H7: 0
A8: 1 | B8: =IFERROR(INDEX(Visitas!$B$2:$B$401,MATCH(A8,Visitas!$A$2:$A$401,0)),"") -> UBS Jardim Boer | C8: I.7 | D8: =IFERROR(INDEX(Itens!$C$2:$C$100,MATCH(C8,Itens!$A$2:$A$100,0)),"") -> Conforto, limpeza e organização | E8: =IFERROR(INDEX(Visitas!$C$2:$C$401,MATCH(A8,Visitas!$A$2:$A$401,0)),"") -> 2023 | F8: =IFERROR(INDEX(Itens!$B$2:$B$100,MATCH(C8,Itens!$A$2:$A$100,0)),"") -> I | G8: 2 | H8: 0
A9: 1 | B9: =IFERROR(INDEX(Visitas!$B$2:$B$401,MATCH(A9,Visitas!$A$2:$A$401,0)),"") -> UBS Jardim Boer | C9: II.1 | D9: =IFERROR(INDEX(Itens!$C$2:$C$100,MATCH(C9,Itens!$A$2:$A$100,0)),"") -> Utilização de indicadores de gestão | E9: =IFERROR(INDEX(Visitas!$C$2:$C$401,MATCH(A9,Visitas!$A$2:$A$401,0)),"") -> 2023 | F9: =IFERROR(INDEX(Itens!$B$2:$B$100,MATCH(C9,Itens!$A$2:$A$100,0)),"") -> II | G9: 1 | H9: 0
A10: 1 | B10: =IFERROR(INDEX(Visitas!$B$2:$B$401,MATCH(A10,Visitas!$A$2:$A$401,0)),"") -> UBS Jardim Boer | C10: II.2 | D10: =IFERROR(INDEX(Itens!$C$2:$C$100,MATCH(C10,Itens!$A$2:$A$100,0)),"") -> Dimensionamento de equipe | E10: =IFERROR(INDEX(Visitas!$C$2:$C$401,MATCH(A10,Visitas!$A$2:$A$401,0)),"") -> 2023 | F10: =IFERROR(INDEX(Itens!$B$2:$B$100,MATCH(C10,Itens!$A$2:$A$100,0)),"") -> II | G10: 2 | H10: 0
A11: 1 | B11: =IFERROR(INDEX(Visitas!$B$2:$B$401,MATCH(A11,Visitas!$A$2:$A$401,0)),"") -> UBS Jardim Boer | C11: II.3 | D11: =IFERROR(INDEX(Itens!$C$2:$C$100,MATCH(C11,Itens!$A$2:$A$100,0)),"") -> Execução do cronograma de capacitação da equipe de trabalho | E11: =IFERROR(INDEX(Visitas!$C$2:$C$401,MATCH(A11,Visitas!$A$2:$A$401,0)),"") -> 2023 | F11: =IFERROR(INDEX(Itens!$B$2:$B$100,MATCH(C11,Itens!$A$2:$A$100,0)),"") -> II | G11: 1 | H11: 0
A12: 1 | B12: =IFERROR(INDEX(Visitas!$B$2:$B$401,MATCH(A12,Visitas!$A$2:$A$401,0)),"") -> UBS Jardim Boer | C12: II.4 | D12: =IFERROR(INDEX(Itens!$C$2:$C$100,MATCH(C12,Itens!$A$2:$A$100,0)),"") -> Disponibilidade de agendamento de consultas, exames e procedimentos | E12: =IFERROR(INDEX(Visitas!$C$2:$C$401,MATCH(A12,Visitas!$A$2:$A$401,0)),"") -> 2023 | F12: =IFERROR(INDEX(Itens!$B$2:$B$100,MATCH(C12,Itens!$A$2:$A$100,0)),"") -> II | G12: 2 | H12: 0
A13: 1 | B13: =IFERROR(INDEX(Visitas!$B$2:$B$401,MATCH(A13,Visitas!$A$2:$A$401,0)),"") -> UBS Jardim Boer | C13: III.1 | D13: =IFERROR(INDEX(Itens!$C$2:$C$100,MATCH(C13,Itens!$A$2:$A$100,0)),"") -> Atendimento aos indicadores do PMS | E13: =IFERROR(INDEX(Visitas!$C$2:$C$401,MATCH(A13,Visitas!$A$2:$A$401,0)),"") -> 2023 | F13: =IFERROR(INDEX(Itens!$B$2:$B$100,MATCH(C13,Itens!$A$2:$A$100,0)),"") -> III | G13: 1 | H13: 0
... A106: 8 | B106: =IFERROR(INDEX(Visitas!$B$2:$B$401,MATCH(A106,Visitas!$A$2:$A$401,0)),"") -> UBS Cariobinha | C106: I.7 | D106: =IFERROR(INDEX(Itens!$C$2:$C$100,MATCH(C106,Itens!$A$2:$A$100,0)),"") -> Conforto, limpeza e organização | E106: =IFERROR(INDEX(Visitas!$C$2:$C$401,MATCH(A106,Visitas!$A$2:$A$401,0)),"") -> 2023 | F106: =IFERROR(INDEX(Itens!$B$2:$B$100,MATCH(C106,Itens!$A$2:$A$100,0)),"") -> I | G106: 2 | H106: 0
A107: 8 | B107: =IFERROR(INDEX(Visitas!$B$2:$B$401,MATCH(A107,Visitas!$A$2:$A$401,0)),"") -> UBS Cariobinha | C107: II.1 | D107: =IFERROR(INDEX(Itens!$C$2:$C$100,MATCH(C107,Itens!$A$2:$A$100,0)),"") -> Utilização de indicadores de gestão | E107: =IFERROR(INDEX(Visitas!$C$2:$C$401,MATCH(A107,Visitas!$A$2:$A$401,0)),"") -> 2023 | F107: =IFERROR(INDEX(Itens!$B$2:$B$100,MATCH(C107,Itens!$A$2:$A$100,0)),"") -> II | H107: 0
A108: 8 | B108: =IFERROR(INDEX(Visitas!$B$2:$B$401,MATCH(A108,Visitas!$A$2:$A$401,0)),"") -> UBS Cariobinha | C108: II.2 | D108: =IFERROR(INDEX(Itens!$C$2:$C$100,MATCH(C108,Itens!$A$2:$A$100,0)),"") -> Dimensionamento de equipe | E108: =IFERROR(INDEX(Visitas!$C$2:$C$401,MATCH(A108,Visitas!$A$2:$A$401,0)),"") -> 2023 | F108: =IFERROR(INDEX(Itens!$B$2:$B$100,MATCH(C108,Itens!$A$2:$A$100,0)),"") -> II | H108: 0
A109: 8 | B109: =IFERROR(INDEX(Visitas!$B$2:$B$401,MATCH(A109,Visitas!$A$2:$A$401,0)),"") -> UBS Cariobinha | C109: II.3 | D109: =IFERROR(INDEX(Itens!$C$2:$C$100,MATCH(C109,Itens!$A$2:$A$100,0)),"") -> Execução do cronograma de capacitação da equipe de trabalho | E109: =IFERROR(INDEX(Visitas!$C$2:$C$401,MATCH(A109,Visitas!$A$2:$A$401,0)),"") -> 2023 | F109: =IFERROR(INDEX(Itens!$B$2:$B$100,MATCH(C109,Itens!$A$2:$A$100,0)),"") -> II | H109: 0
A110: 8 | B110: =IFERROR(INDEX(Visitas!$B$2:$B$401,MATCH(A110,Visitas!$A$2:$A$401,0)),"") -> UBS Cariobinha | C110: II.4 | D110: =IFERROR(INDEX(Itens!$C$2:$C$100,MATCH(C110,Itens!$A$2:$A$100,0)),"") -> Disponibilidade de agendamento de consultas, exames e procedimentos | E110: =IFERROR(INDEX(Visitas!$C$2:$C$401,MATCH(A110,Visitas!$A$2:$A$401,0)),"") -> 2023 | F110: =IFERROR(INDEX(Itens!$B$2:$B$100,MATCH(C110,Itens!$A$2:$A$100,0)),"") -> II | H110: 0
A111: 8 | B111: =IFERROR(INDEX(Visitas!$B$2:$B$401,MATCH(A111,Visitas!$A$2:$A$401,0)),"") -> UBS Cariobinha | C111: III.1 | D111: =IFERROR(INDEX(Itens!$C$2:$C$100,MATCH(C111,Itens!$A$2:$A$100,0)),"") -> Atendimento aos indicadores do PMS | E111: =IFERROR(INDEX(Visitas!$C$2:$C$401,MATCH(A111,Visitas!$A$2:$A$401,0)),"") -> 2023 | F111: =IFERROR(INDEX(Itens!$B$2:$B$100,MATCH(C111,Itens!$A$2:$A$100,0)),"") -> III | H111: 0
A112: 8 | B112: =IFERROR(INDEX(Visitas!$B$2:$B$401,MATCH(A112,Visitas!$A$2:$A$401,0)),"") -> UBS Cariobinha | C112: IV.1 | D112: =IFERROR(INDEX(Itens!$C$2:$C$100,MATCH(C112,Itens!$A$2:$A$100,0)),"") -> Registro de reclamações na Ouvidoria do COMSAUDE | E112: =IFERROR(INDEX(Visitas!$C$2:$C$401,MATCH(A112,Visitas!$A$2:$A$401,0)),"") -> 2023 | F112: =IFERROR(INDEX(Itens!$B$2:$B$100,MATCH(C112,Itens!$A$2:$A$100,0)),"") -> IV | H112: 0
A113: 8 | B113: =IFERROR(INDEX(Visitas!$B$2:$B$401,MATCH(A113,Visitas!$A$2:$A$401,0)),"") -> UBS Cariobinha | C113: IV.2 | D113: =IFERROR(INDEX(Itens!$C$2:$C$100,MATCH(C113,Itens!$A$2:$A$100,0)),"") -> Satisfação dos usuários | E113: =IFERROR(INDEX(Visitas!$C$2:$C$401,MATCH(A113,Visitas!$A$2:$A$401,0)),"") -> 2023 | F113: =IFERROR(INDEX(Itens!$B$2:$B$100,MATCH(C113,Itens!$A$2:$A$100,0)),"") -> IV | H113: 0
A114: 9 | B114: =IFERROR(INDEX(Visitas!$B$2:$B$401,MATCH(A114,Visitas!$A$2:$A$401,0)),"") -> UBS Vila Gallo | C114: I.1 | D114: =IFERROR(INDEX(Itens!$C$2:$C$100,MATCH(C114,Itens!$A$2:$A$100,0)),"") -> Infraestrutura civil | E114: =IFERROR(INDEX(Visitas!$C$2:$C$401,MATCH(A114,Visitas!$A$2:$A$401,0)),"") -> 2023 | F114: =IFERROR(INDEX(Itens!$B$2:$B$100,MATCH(C114,Itens!$A$2:$A$100,0)),"") -> I | G114: 1 | H114: 0
A115: 9 | B115: =IFERROR(INDEX(Visitas!$B$2:$B$401,MATCH(A115,Visitas!$A$2:$A$401,0)),"") -> UBS Vila Gallo | C115: I.2 | D115: =IFERROR(INDEX(Itens!$C$2:$C$100,MATCH(C115,Itens!$A$2:$A$100,0)),"") -> Infraestrutura elétrica | E115: =IFERROR(INDEX(Visitas!$C$2:$C$401,MATCH(A115,Visitas!$A$2:$A$401,0)),"") -> 2023 | F115: =IFERROR(INDEX(Itens!$B$2:$B$100,MATCH(C115,Itens!$A$2:$A$100,0)),"") -> I | G115: 2 | H115: 0
A116: 9 | B116: =IFERROR(INDEX(Visitas!$B$2:$B$401,MATCH(A116,Visitas!$A$2:$A$401,0)),"") -> UBS Vila Gallo | C116: I.3 | D116: =IFERROR(INDEX(Itens!$C$2:$C$100,MATCH(C116,Itens!$A$2:$A$100,0)),"") -> Infraestrutura hidráulica | E116: =IFERROR(INDEX(Visitas!$C$2:$C$401,MATCH(A116,Visitas!$A$2:$A$401,0)),"") -> 2023 | F116: =IFERROR(INDEX(Itens!$B$2:$B$100,MATCH(C116,Itens!$A$2:$A$100,0)),"") -> I | G116: 1 | H116: 0
A117: 9 | B117: =IFERROR(INDEX(Visitas!$B$2:$B$401,MATCH(A117,Visitas!$A$2:$A$401,0)),"") -> UBS Vila Gallo | C117: I.4 | D117: =IFERROR(INDEX(Itens!$C$2:$C$100,MATCH(C117,Itens!$A$2:$A$100,0)),"") -> Infraestrutura de comunicação | E117: =IFERROR(INDEX(Visitas!$C$2:$C$401,MATCH(A117,Visitas!$A$2:$A$401,0)),"") -> 2023 | F117: =IFERROR(INDEX(Itens!$B$2:$B$100,MATCH(C117,Itens!$A$2:$A$100,0)),"") -> I | G117: 2 | H117: 0
A118: 9 | B118: =IFERROR(INDEX(Visitas!$B$2:$B$401,MATCH(A118,Visitas!$A$2:$A$401,0)),"") -> UBS Vila Gallo | C118: I.5 | D118: =IFERROR(INDEX(Itens!$C$2:$C$100,MATCH(C118,Itens!$A$2:$A$100,0)),"") -> Equipamentos | E118: =IFERROR(INDEX(Visitas!$C$2:$C$401,MATCH(A118,Visitas!$A$2:$A$401,0)),"") -> 2023 | F118: =IFERROR(INDEX(Itens!$B$2:$B$100,MATCH(C118,Itens!$A$2:$A$100,0)),"") -> I | G118: 2 | H118: 0
A119: 9 | B119: =IFERROR(INDEX(Visitas!$B$2:$B$401,MATCH(A119,Visitas!$A$2:$A$401,0)),"") -> UBS Vila Gallo | C119: I.6 | D119: =IFERROR(INDEX(Itens!$C$2:$C$100,MATCH(C119,Itens!$A$2:$A$100,0)),"") -> Materiais, medicamentos e insumos | E119: =IFERROR(INDEX(Visitas!$C$2:$C$401,MATCH(A119,Visitas!$A$2:$A$401,0)),"") -> 2023 | F119: =IFERROR(INDEX(Itens!$B$2:$B$100,MATCH(C119,Itens!$A$2:$A$100,0)),"") -> I | G119: 2 | H119: 0
A120: 9 | B120: =IFERROR(INDEX(Visitas!$B$2:$B$401,MATCH(A120,Visitas!$A$2:$A$401,0)),"") -> UBS Vila Gallo | C120: I.7 | D120: =IFERROR(INDEX(Itens!$C$2:$C$100,MATCH(C120,Itens!$A$2:$A$100,0)),"") -> Conforto, limpeza e organização | E120: =IFERROR(INDEX(Visitas!$C$2:$C$401,MATCH(A120,Visitas!$A$2:$A$401,0)),"") -> 2023 | F120: =IFERROR(INDEX(Itens!$B$2:$B$100,MATCH(C120,Itens!$A$2:$A$100,0)),"") -> I | G120: 2 | H120: 0
A121: 9 | B121: =IFERROR(INDEX(Visitas!$B$2:$B$401,MATCH(A121,Visitas!$A$2:$A$401,0)),"") -> UBS Vila Gallo | C121: II.1 | D121: =IFERROR(INDEX(Itens!$C$2:$C$100,MATCH(C121,Itens!$A$2:$A$100,0)),"") -> Utilização de indicadores de gestão | E121: =IFERROR(INDEX(Visitas!$C$2:$C$401,MATCH(A121,Visitas!$A$2:$A$401,0)),"") -> 2023 | F121: =IFERROR(INDEX(Itens!$B$2:$B$100,MATCH(C121,Itens!$A$2:$A$100,0)),"") -> II | G121: 1 | H121: 0
A122: 9 | B122: =IFERROR(INDEX(Visitas!$B$2:$B$401,MATCH(A122,Visitas!$A$2:$A$401,0)),"") -> UBS Vila Gallo | C122: II.2 | D122: =IFERROR(INDEX(Itens!$C$2:$C$100,MATCH(C122,Itens!$A$2:$A$100,0)),"") -> Dimensionamento de equipe | E122: =IFERROR(INDEX(Visitas!$C$2:$C$401,MATCH(A122,Visitas!$A$2:$A$401,0)),"") -> 2023 | F122: =IFERROR(INDEX(Itens!$B$2:$B$100,MATCH(C122,Itens!$A$2:$A$100,0)),"") -> II | G122: 2 | H122: 0
A123: 9 | B123: =IFERROR(INDEX(Visitas!$B$2:$B$401,MATCH(A123,Visitas!$A$2:$A$401,0)),"") -> UBS Vila Gallo | C123: II.3 | D123: =IFERROR(INDEX(Itens!$C$2:$C$100,MATCH(C123,Itens!$A$2:$A$100,0)),"") -> Execução do cronograma de capacitação da equipe de trabalho | E123: =IFERROR(INDEX(Visitas!$C$2:$C$401,MATCH(A123,Visitas!$A$2:$A$401,0)),"") -> 2023 | F123: =IFERROR(INDEX(Itens!$B$2:$B$100,MATCH(C123,Itens!$A$2:$A$100,0)),"") -> II | G123: 2 | H123: 0
A124: 9 | B124: =IFERROR(INDEX(Visitas!$B$2:$B$401,MATCH(A124,Visitas!$A$2:$A$401,0)),"") -> UBS Vila Gallo | C124: II.4 | D124: =IFERROR(INDEX(Itens!$C$2:$C$100,MATCH(C124,Itens!$A$2:$A$100,0)),"") -> Disponibilidade de agendamento de consultas, exames e procedimentos | E124: =IFERROR(INDEX(Visitas!$C$2:$C$401,MATCH(A124,Visitas!$A$2:$A$401,0)),"") -> 2023 | F124: =IFERROR(INDEX(Itens!$B$2:$B$100,MATCH(C124,Itens!$A$2:$A$100,0)),"") -> II | G124: 2 | H124: 0
A125: 9 | B125: =IFERROR(INDEX(Visitas!$B$2:$B$401,MATCH(A125,Visitas!$A$2:$A$401,0)),"") -> UBS Vila Gallo | C125: III.1 | D125: =IFERROR(INDEX(Itens!$C$2:$C$100,MATCH(C125,Itens!$A$2:$A$100,0)),"") -> Atendimento aos indicadores do PMS | E125: =IFERROR(INDEX(Visitas!$C$2:$C$401,MATCH(A125,Visitas!$A$2:$A$401,0)),"") -> 2023 | F125: =IFERROR(INDEX(Itens!$B$2:$B$100,MATCH(C125,Itens!$A$2:$A$100,0)),"") -> III | G125: 1 | H125: 0
... A127: 9 | B127: =IFERROR(INDEX(Visitas!$B$2:$B$401,MATCH(A127,Visitas!$A$2:$A$401,0)),"") -> UBS Vila Gallo | C127: IV.2 | D127: =IFERROR(INDEX(Itens!$C$2:$C$100,MATCH(C127,Itens!$A$2:$A$100,0)),"") -> Satisfação dos usuários | E127: =IFERROR(INDEX(Visitas!$C$2:$C$401,MATCH(A127,Visitas!$A$2:$A$401,0)),"") -> 2023 | F127: =IFERROR(INDEX(Itens!$B$2:$B$100,MATCH(C127,Itens!$A$2:$A$100,0)),"") -> IV | G127: 2 | H127: 0
A128: 10 | B128: =IFERROR(INDEX(Visitas!$B$2:$B$401,MATCH(A128,Visitas!$A$2:$A$401,0)),"") -> ESF Alvorada | C128: I.1 | D128: =IFERROR(INDEX(Itens!$C$2:$C$100,MATCH(C128,Itens!$A$2:$A$100,0)),"") -> Infraestrutura civil | E128: =IFERROR(INDEX(Visitas!$C$2:$C$401,MATCH(A128,Visitas!$A$2:$A$401,0)),"") -> 2023 | F128: =IFERROR(INDEX(Itens!$B$2:$B$100,MATCH(C128,Itens!$A$2:$A$100,0)),"") -> I | H128: 0
A129: 10 | B129: =IFERROR(INDEX(Visitas!$B$2:$B$401,MATCH(A129,Visitas!$A$2:$A$401,0)),"") -> ESF Alvorada | C129: I.2 | D129: =IFERROR(INDEX(Itens!$C$2:$C$100,MATCH(C129,Itens!$A$2:$A$100,0)),"") -> Infraestrutura elétrica | E129: =IFERROR(INDEX(Visitas!$C$2:$C$401,MATCH(A129,Visitas!$A$2:$A$401,0)),"") -> 2023 | F129: =IFERROR(INDEX(Itens!$B$2:$B$100,MATCH(C129,Itens!$A$2:$A$100,0)),"") -> I | H129: 0
A130: 10 | B130: =IFERROR(INDEX(Visitas!$B$2:$B$401,MATCH(A130,Visitas!$A$2:$A$401,0)),"") -> ESF Alvorada | C130: I.3 | D130: =IFERROR(INDEX(Itens!$C$2:$C$100,MATCH(C130,Itens!$A$2:$A$100,0)),"") -> Infraestrutura hidráulica | E130: =IFERROR(INDEX(Visitas!$C$2:$C$401,MATCH(A130,Visitas!$A$2:$A$401,0)),"") -> 2023 | F130: =IFERROR(INDEX(Itens!$B$2:$B$100,MATCH(C130,Itens!$A$2:$A$100,0)),"") -> I | G130: 1 | H130: 0
A131: 10 | B131: =IFERROR(INDEX(Visitas!$B$2:$B$401,MATCH(A131,Visitas!$A$2:$A$401,0)),"") -> ESF Alvorada | C131: I.4 | D131: =IFERROR(INDEX(Itens!$C$2:$C$100,MATCH(C131,Itens!$A$2:$A$100,0)),"") -> Infraestrutura de comunicação | E131: =IFERROR(INDEX(Visitas!$C$2:$C$401,MATCH(A131,Visitas!$A$2:$A$401,0)),"") -> 2023 | F131: =IFERROR(INDEX(Itens!$B$2:$B$100,MATCH(C131,Itens!$A$2:$A$100,0)),"") -> I | H131: 0
A132: 10 | B132: =IFERROR(INDEX(Visitas!$B$2:$B$401,MATCH(A132,Visitas!$A$2:$A$401,0)),"") -> ESF Alvorada | C132: I.5 | D132: =IFERROR(INDEX(Itens!$C$2:$C$100,MATCH(C132,Itens!$A$2:$A$100,0)),"") -> Equipamentos | E132: =IFERROR(INDEX(Visitas!$C$2:$C$401,MATCH(A132,Visitas!$A$2:$A$401,0)),"") -> 2023 | F132: =IFERROR(INDEX(Itens!$B$2:$B$100,MATCH(C132,Itens!$A$2:$A$100,0)),"") -> I | G132: 1 | H132: 0
A133: 10 | B133: =IFERROR(INDEX(Visitas!$B$2:$B$401,MATCH(A133,Visitas!$A$2:$A$401,0)),"") -> ESF Alvorada | C133: I.6 | D133: =IFERROR(INDEX(Itens!$C$2:$C$100,MATCH(C133,Itens!$A$2:$A$100,0)),"") -> Materiais, medicamentos e insumos | E133: =IFERROR(INDEX(Visitas!$C$2:$C$401,MATCH(A133,Visitas!$A$2:$A$401,0)),"") -> 2023 | F133: =IFERROR(INDEX(Itens!$B$2:$B$100,MATCH(C133,Itens!$A$2:$A$100,0)),"") -> I | H133: 0
A134: 10 | B134: =IFERROR(INDEX(Visitas!$B$2:$B$401,MATCH(A134,Visitas!$A$2:$A$401,0)),"") -> ESF Alvorada | C134: I.7 | D134: =IFERROR(INDEX(Itens!$C$2:$C$100,MATCH(C134,Itens!$A$2:$A$100,0)),"") -> Conforto, limpeza e organização | E134: =IFERROR(INDEX(Visitas!$C$2:$C$401,MATCH(A134,Visitas!$A$2:$A$401,0)),"") -> 2023 | F134: =IFERROR(INDEX(Itens!$B$2:$B$100,MATCH(C134,Itens!$A$2:$A$100,0)),"") -> I | G134: 2 | H134: 0
A135: 10 | B135: =IFERROR(INDEX(Visitas!$B$2:$B$401,MATCH(A135,Visitas!$A$2:$A$401,0)),"") -> ESF Alvorada | C135: II.1 | D135: =IFERROR(INDEX(Itens!$C$2:$C$100,MATCH(C135,Itens!$A$2:$A$100,0)),"") -> Utilização de indicadores de gestão | E135: =IFERROR(INDEX(Visitas!$C$2:$C$401,MATCH(A135,Visitas!$A$2:$A$401,0)),"") -> 2023 | F135: =IFERROR(INDEX(Itens!$B$2:$B$100,MATCH(C135,Itens!$A$2:$A$100,0)),"") -> II | H135: 0
A136: 10 | B136: =IFERROR(INDEX(Visitas!$B$2:$B$401,MATCH(A136,Visitas!$A$2:$A$401,0)),"") -> ESF Alvorada | C136: II.2 | D136: =IFERROR(INDEX(Itens!$C$2:$C$100,MATCH(C136,Itens!$A$2:$A$100,0)),"") -> Dimensionamento de equipe | E136: =IFERROR(INDEX(Visitas!$C$2:$C$401,MATCH(A136,Visitas!$A$2:$A$401,0)),"") -> 2023 | F136: =IFERROR(INDEX(Itens!$B$2:$B$100,MATCH(C136,Itens!$A$2:$A$100,0)),"") -> II | G136: 1 | H136: 0
A137: 10 | B137: =IFERROR(INDEX(Visitas!$B$2:$B$401,MATCH(A137,Visitas!$A$2:$A$401,0)),"") -> ESF Alvorada | C137: II.3 | D137: =IFERROR(INDEX(Itens!$C$2:$C$100,MATCH(C137,Itens!$A$2:$A$100,0)),"") -> Execução do cronograma de capacitação da equipe de trabalho | E137: =IFERROR(INDEX(Visitas!$C$2:$C$401,MATCH(A137,Visitas!$A$2:$A$401,0)),"") -> 2023 | F137: =IFERROR(INDEX(Itens!$B$2:$B$100,MATCH(C137,Itens!$A$2:$A$100,0)),"") -> II | H137: 0
A138: 10 | B138: =IFERROR(INDEX(Visitas!$B$2:$B$401,MATCH(A138,Visitas!$A$2:$A$401,0)),"") -> ESF Alvorada | C138: II.4 | D138: =IFERROR(INDEX(Itens!$C$2:$C$100,MATCH(C138,Itens!$A$2:$A$100,0)),"") -> Disponibilidade de agendamento de consultas, exames e procedimentos | E138: =IFERROR(INDEX(Visitas!$C$2:$C$401,MATCH(A138,Visitas!$A$2:$A$401,0)),"") -> 2023 | F138: =IFERROR(INDEX(Itens!$B$2:$B$100,MATCH(C138,Itens!$A$2:$A$100,0)),"") -> II | H138: 0
A139: 10 | B139: =IFERROR(INDEX(Visitas!$B$2:$B$401,MATCH(A139,Visitas!$A$2:$A$401,0)),"") -> ESF Alvorada | C139: III.1 | D139: =IFERROR(INDEX(Itens!$C$2:$C$100,MATCH(C139,Itens!$A$2:$A$100,0)),"") -> Atendimento aos indicadores do PMS | E139: =IFERROR(INDEX(Visitas!$C$2:$C$401,MATCH(A139,Visitas!$A$2:$A$401,0)),"") -> 2023 | F139: =IFERROR(INDEX(Itens!$B$2:$B$100,MATCH(C139,Itens!$A$2:$A$100,0)),"") -> III | H139: 0
A140: 10 | B140: =IFERROR(INDEX(Visitas!$B$2:$B$401,MATCH(A140,Visitas!$A$2:$A$401,0)),"") -> ESF Alvorada | C140: IV.1 | D140: =IFERROR(INDEX(Itens!$C$2:$C$100,MATCH(C140,Itens!$A$2:$A$100,0)),"") -> Registro de reclamações na Ouvidoria do COMSAUDE | E140: =IFERROR(INDEX(Visitas!$C$2:$C$401,MATCH(A140,Visitas!$A$2:$A$401,0)),"") -> 2023 | F140: =IFERROR(INDEX(Itens!$B$2:$B$100,MATCH(C140,Itens!$A$2:$A$100,0)),"") -> IV | H140: 0
A141: 10 | B141: =IFERROR(INDEX(Visitas!$B$2:$B$401,MATCH(A141,Visitas!$A$2:$A$401,0)),"") -> ESF Alvorada | C141: IV.2 | D141: =IFERROR(INDEX(Itens!$C$2:$C$100,MATCH(C141,Itens!$A$2:$A$100,0)),"") -> Satisfação dos usuários | E141: =IFERROR(INDEX(Visitas!$C$2:$C$401,MATCH(A141,Visitas!$A$2:$A$401,0)),"") -> 2023 | F141: =IFERROR(INDEX(Itens!$B$2:$B$100,MATCH(C141,Itens!$A$2:$A$100,0)),"") -> IV | H141: 0
A142: 11 | B142: =IFERROR(INDEX(Visitas!$B$2:$B$401,MATCH(A142,Visitas!$A$2:$A$401,0)),"") -> ESF Mário Covas | C142: I.1 | D142: =IFERROR(INDEX(Itens!$C$2:$C$100,MATCH(C142,Itens!$A$2:$A$100,0)),"") -> Infraestrutura civil | E142: =IFERROR(INDEX(Visitas!$C$2:$C$401,MATCH(A142,Visitas!$A$2:$A$401,0)),"") -> 2023 | F142: =IFERROR(INDEX(Itens!$B$2:$B$100,MATCH(C142,Itens!$A$2:$A$100,0)),"") -> I | G142: 1 | H142: 0
A143: 11 | B143: =IFERROR(INDEX(Visitas!$B$2:$B$401,MATCH(A143,Visitas!$A$2:$A$401,0)),"") -> ESF Mário Covas | C143: I.2 | D143: =IFERROR(INDEX(Itens!$C$2:$C$100,MATCH(C143,Itens!$A$2:$A$100,0)),"") -> Infraestrutura elétrica | E143: =IFERROR(INDEX(Visitas!$C$2:$C$401,MATCH(A143,Visitas!$A$2:$A$401,0)),"") -> 2023 | F143: =IFERROR(INDEX(Itens!$B$2:$B$100,MATCH(C143,Itens!$A$2:$A$100,0)),"") -> I | G143: 2 | H143: 0
A144: 11 | B144: =IFERROR(INDEX(Visitas!$B$2:$B$401,MATCH(A144,Visitas!$A$2:$A$401,0)),"") -> ESF Mário Covas | C144: I.3 | D144: =IFERROR(INDEX(Itens!$C$2:$C$100,MATCH(C144,Itens!$A$2:$A$100,0)),"") -> Infraestrutura hidráulica | E144: =IFERROR(INDEX(Visitas!$C$2:$C$401,MATCH(A144,Visitas!$A$2:$A$401,0)),"") -> 2023 | F144: =IFERROR(INDEX(Itens!$B$2:$B$100,MATCH(C144,Itens!$A$2:$A$100,0)),"") -> I | G144: 1 | H144: 0
A145: 11 | B145: =IFERROR(INDEX(Visitas!$B$2:$B$401,MATCH(A145,Visitas!$A$2:$A$401,0)),"") -> ESF Mário Covas | C145: I.4 | D145: =IFERROR(INDEX(Itens!$C$2:$C$100,MATCH(C145,Itens!$A$2:$A$100,0)),"") -> Infraestrutura de comunicação | E145: =IFERROR(INDEX(Visitas!$C$2:$C$401,MATCH(A145,Visitas!$A$2:$A$401,0)),"") -> 2023 | F145: =IFERROR(INDEX(Itens!$B$2:$B$100,MATCH(C145,Itens!$A$2:$A$100,0)),"") -> I | G145: 1 | H145: 0
A146: 11 | B146: =IFERROR(INDEX(Visitas!$B$2:$B$401,MATCH(A146,Visitas!$A$2:$A$401,0)),"") -> ESF Mário Covas | C146: I.5 | D146: =IFERROR(INDEX(Itens!$C$2:$C$100,MATCH(C146,Itens!$A$2:$A$100,0)),"") -> Equipamentos | E146: =IFERROR(INDEX(Visitas!$C$2:$C$401,MATCH(A146,Visitas!$A$2:$A$401,0)),"") -> 2023 | F146: =IFERROR(INDEX(Itens!$B$2:$B$100,MATCH(C146,Itens!$A$2:$A$100,0)),"") -> I | G146: 1 | H146: 0
A147: 11 | B147: =IFERROR(INDEX(Visitas!$B$2:$B$401,MATCH(A147,Visitas!$A$2:$A$401,0)),"") -> ESF Mário Covas | C147: I.6 | D147: =IFERROR(INDEX(Itens!$C$2:$C$100,MATCH(C147,Itens!$A$2:$A$100,0)),"") -> Materiais, medicamentos e insumos | E147: =IFERROR(INDEX(Visitas!$C$2:$C$401,MATCH(A147,Visitas!$A$2:$A$401,0)),"") -> 2023 | F147: =IFERROR(INDEX(Itens!$B$2:$B$100,MATCH(C147,Itens!$A$2:$A$100,0)),"") -> I | G147: 2 | H147: 0
A148: 11 | B148: =IFERROR(INDEX(Visitas!$B$2:$B$401,MATCH(A148,Visitas!$A$2:$A$401,0)),"") -> ESF Mário Covas | C148: I.7 | D148: =IFERROR(INDEX(Itens!$C$2:$C$100,MATCH(C148,Itens!$A$2:$A$100,0)),"") -> Conforto, limpeza e organização | E148: =IFERROR(INDEX(Visitas!$C$2:$C$401,MATCH(A148,Visitas!$A$2:$A$401,0)),"") -> 2023 | F148: =IFERROR(INDEX(Itens!$B$2:$B$100,MATCH(C148,Itens!$A$2:$A$100,0)),"") -> I | G148: 1 | H148: 0
A149: 11 | B149: =IFERROR(INDEX(Visitas!$B$2:$B$401,MATCH(A149,Visitas!$A$2:$A$401,0)),"") -> ESF Mário Covas | C149: II.1 | D149: =IFERROR(INDEX(Itens!$C$2:$C$100,MATCH(C149,Itens!$A$2:$A$100,0)),"") -> Utilização de indicadores de gestão | E149: =IFERROR(INDEX(Visitas!$C$2:$C$401,MATCH(A149,Visitas!$A$2:$A$401,0)),"") -> 2023 | F149: =IFERROR(INDEX(Itens!$B$2:$B$100,MATCH(C149,Itens!$A$2:$A$100,0)),"") -> II | G149: 0 | H149: 0
A150: 11 | B150: =IFERROR(INDEX(Visitas!$B$2:$B$401,MATCH(A150,Visitas!$A$2:$A$401,0)),"") -> ESF Mário Covas | C150: II.2 | D150: =IFERROR(INDEX(Itens!$C$2:$C$100,MATCH(C150,Itens!$A$2:$A$100,0)),"") -> Dimensionamento de equipe | E150: =IFERROR(INDEX(Visitas!$C$2:$C$401,MATCH(A150,Visitas!$A$2:$A$401,0)),"") -> 2023 | F150: =IFERROR(INDEX(Itens!$B$2:$B$100,MATCH(C150,Itens!$A$2:$A$100,0)),"") -> II | G150: 1 | H150: 0
A151: 11 | B151: =IFERROR(INDEX(Visitas!$B$2:$B$401,MATCH(A151,Visitas!$A$2:$A$401,0)),"") -> ESF Mário Covas | C151: II.3 | D151: =IFERROR(INDEX(Itens!$C$2:$C$100,MATCH(C151,Itens!$A$2:$A$100,0)),"") -> Execução do cronograma de capacitação da equipe de trabalho | E151: =IFERROR(INDEX(Visitas!$C$2:$C$401,MATCH(A151,Visitas!$A$2:$A$401,0)),"") -> 2023 | F151: =IFERROR(INDEX(Itens!$B$2:$B$100,MATCH(C151,Itens!$A$2:$A$100,0)),"") -> II | G151: 0 | H151: 0
A152: 11 | B152: =IFERROR(INDEX(Visitas!$B$2:$B$401,MATCH(A152,Visitas!$A$2:$A$401,0)),"") -> ESF Mário Covas | C152: II.4 | D152: =IFERROR(INDEX(Itens!$C$2:$C$100,MATCH(C152,Itens!$A$2:$A$100,0)),"") -> Disponibilidade de agendamento de consultas, exames e procedimentos | E152: =IFERROR(INDEX(Visitas!$C$2:$C$401,MATCH(A152,Visitas!$A$2:$A$401,0)),"") -> 2023 | F152: =IFERROR(INDEX(Itens!$B$2:$B$100,MATCH(C152,Itens!$A$2:$A$100,0)),"") -> II | G152: 2 | H152: 0
A153: 11 | B153: =IFERROR(INDEX(Visitas!$B$2:$B$401,MATCH(A153,Visitas!$A$2:$A$401,0)),"") -> ESF Mário Covas | C153: III.1 | D153: =IFERROR(INDEX(Itens!$C$2:$C$100,MATCH(C153,Itens!$A$2:$A$100,0)),"") -> Atendimento aos indicadores do PMS | E153: =IFERROR(INDEX(Visitas!$C$2:$C$401,MATCH(A153,Visitas!$A$2:$A$401,0)),"") -> 2023 | F153: =IFERROR(INDEX(Itens!$B$2:$B$100,MATCH(C153,Itens!$A$2:$A$100,0)),"") -> III | G153: 1 | H153: 0
... A162: 12 | B162: =IFERROR(INDEX(Visitas!$B$2:$B$401,MATCH(A162,Visitas!$A$2:$A$401,0)),"") -> ESF São José | C162: I.7 | D162: =IFERROR(INDEX(Itens!$C$2:$C$100,MATCH(C162,Itens!$A$2:$A$100,0)),"") -> Conforto, limpeza e organização | E162: =IFERROR(INDEX(Visitas!$C$2:$C$401,MATCH(A162,Visitas!$A$2:$A$401,0)),"") -> 2023 | F162: =IFERROR(INDEX(Itens!$B$2:$B$100,MATCH(C162,Itens!$A$2:$A$100,0)),"") -> I | G162: 2 | H162: 0
A163: 12 | B163: =IFERROR(INDEX(Visitas!$B$2:$B$401,MATCH(A163,Visitas!$A$2:$A$401,0)),"") -> ESF São José | C163: II.1 | D163: =IFERROR(INDEX(Itens!$C$2:$C$100,MATCH(C163,Itens!$A$2:$A$100,0)),"") -> Utilização de indicadores de gestão | E163: =IFERROR(INDEX(Visitas!$C$2:$C$401,MATCH(A163,Visitas!$A$2:$A$401,0)),"") -> 2023 | F163: =IFERROR(INDEX(Itens!$B$2:$B$100,MATCH(C163,Itens!$A$2:$A$100,0)),"") -> II | H163: 0
A164: 12 | B164: =IFERROR(INDEX(Visitas!$B$2:$B$401,MATCH(A164,Visitas!$A$2:$A$401,0)),"") -> ESF São José | C164: II.2 | D164: =IFERROR(INDEX(Itens!$C$2:$C$100,MATCH(C164,Itens!$A$2:$A$100,0)),"") -> Dimensionamento de equipe | E164: =IFERROR(INDEX(Visitas!$C$2:$C$401,MATCH(A164,Visitas!$A$2:$A$401,0)),"") -> 2023 | F164: =IFERROR(INDEX(Itens!$B$2:$B$100,MATCH(C164,Itens!$A$2:$A$100,0)),"") -> II | H164: 0
A165: 12 | B165: =IFERROR(INDEX(Visitas!$B$2:$B$401,MATCH(A165,Visitas!$A$2:$A$401,0)),"") -> ESF São José | C165: II.3 | D165: =IFERROR(INDEX(Itens!$C$2:$C$100,MATCH(C165,Itens!$A$2:$A$100,0)),"") -> Execução do cronograma de capacitação da equipe de trabalho | E165: =IFERROR(INDEX(Visitas!$C$2:$C$401,MATCH(A165,Visitas!$A$2:$A$401,0)),"") -> 2023 | F165: =IFERROR(INDEX(Itens!$B$2:$B$100,MATCH(C165,Itens!$A$2:$A$100,0)),"") -> II | H165: 0
A166: 12 | B166: =IFERROR(INDEX(Visitas!$B$2:$B$401,MATCH(A166,Visitas!$A$2:$A$401,0)),"") -> ESF São José | C166: II.4 | D166: =IFERROR(INDEX(Itens!$C$2:$C$100,MATCH(C166,Itens!$A$2:$A$100,0)),"") -> Disponibilidade de agendamento de consultas, exames e procedimentos | E166: =IFERROR(INDEX(Visitas!$C$2:$C$401,MATCH(A166,Visitas!$A$2:$A$401,0)),"") -> 2023 | F166: =IFERROR(INDEX(Itens!$B$2:$B$100,MATCH(C166,Itens!$A$2:$A$100,0)),"") -> II | H166: 0
A167: 12 | B167: =IFERROR(INDEX(Visitas!$B$2:$B$401,MATCH(A167,Visitas!$A$2:$A$401,0)),"") -> ESF São José | C167: III.1 | D167: =IFERROR(INDEX(Itens!$C$2:$C$100,MATCH(C167,Itens!$A$2:$A$100,0)),"") -> Atendimento aos indicadores do PMS | E167: =IFERROR(INDEX(Visitas!$C$2:$C$401,MATCH(A167,Visitas!$A$2:$A$401,0)),"") -> 2023 | F167: =IFERROR(INDEX(Itens!$B$2:$B$100,MATCH(C167,Itens!$A$2:$A$100,0)),"") -> III | H167: 0
A168: 12 | B168: =IFERROR(INDEX(Visitas!$B$2:$B$401,MATCH(A168,Visitas!$A$2:$A$401,0)),"") -> ESF São José | C168: IV.1 | D168: =IFERROR(INDEX(Itens!$C$2:$C$100,MATCH(C168,Itens!$A$2:$A$100,0)),"") -> Registro de reclamações na Ouvidoria do COMSAUDE | E168: =IFERROR(INDEX(Visitas!$C$2:$C$401,MATCH(A168,Visitas!$A$2:$A$401,0)),"") -> 2023 | F168: =IFERROR(INDEX(Itens!$B$2:$B$100,MATCH(C168,Itens!$A$2:$A$100,0)),"") -> IV | H168: 0
A169: 12 | B169: =IFERROR(INDEX(Visitas!$B$2:$B$401,MATCH(A169,Visitas!$A$2:$A$401,0)),"") -> ESF São José | C169: IV.2 | D169: =IFERROR(INDEX(Itens!$C$2:$C$100,MATCH(C169,Itens!$A$2:$A$100,0)),"") -> Satisfação dos usuários | E169: =IFERROR(INDEX(Visitas!$C$2:$C$401,MATCH(A169,Visitas!$A$2:$A$401,0)),"") -> 2023 | F169: =IFERROR(INDEX(Itens!$B$2:$B$100,MATCH(C169,Itens!$A$2:$A$100,0)),"") -> IV | H169: 0
A170: 13 | B170: =IFERROR(INDEX(Visitas!$B$2:$B$401,MATCH(A170,Visitas!$A$2:$A$401,0)),"") -> UAD - Unidade de Atendimento Domiciliar | C170: I.1 | D170: =IFERROR(INDEX(Itens!$C$2:$C$100,MATCH(C170,Itens!$A$2:$A$100,0)),"") -> Infraestrutura civil | E170: =IFERROR(INDEX(Visitas!$C$2:$C$401,MATCH(A170,Visitas!$A$2:$A$401,0)),"") -> 2023 | F170: =IFERROR(INDEX(Itens!$B$2:$B$100,MATCH(C170,Itens!$A$2:$A$100,0)),"") -> I | G170: 2 | H170: 0
A171: 13 | B171: =IFERROR(INDEX(Visitas!$B$2:$B$401,MATCH(A171,Visitas!$A$2:$A$401,0)),"") -> UAD - Unidade de Atendimento Domiciliar | C171: I.2 | D171: =IFERROR(INDEX(Itens!$C$2:$C$100,MATCH(C171,Itens!$A$2:$A$100,0)),"") -> Infraestrutura elétrica | E171: =IFERROR(INDEX(Visitas!$C$2:$C$401,MATCH(A171,Visitas!$A$2:$A$401,0)),"") -> 2023 | F171: =IFERROR(INDEX(Itens!$B$2:$B$100,MATCH(C171,Itens!$A$2:$A$100,0)),"") -> I | G171: 2 | H171: 0
A172: 13 | B172: =IFERROR(INDEX(Visitas!$B$2:$B$401,MATCH(A172,Visitas!$A$2:$A$401,0)),"") -> UAD - Unidade de Atendimento Domiciliar | C172: I.3 | D172: =IFERROR(INDEX(Itens!$C$2:$C$100,MATCH(C172,Itens!$A$2:$A$100,0)),"") -> Infraestrutura hidráulica | E172: =IFERROR(INDEX(Visitas!$C$2:$C$401,MATCH(A172,Visitas!$A$2:$A$401,0)),"") -> 2023 | F172: =IFERROR(INDEX(Itens!$B$2:$B$100,MATCH(C172,Itens!$A$2:$A$100,0)),"") -> I | G172: 2 | H172: 0
A173: 13 | B173: =IFERROR(INDEX(Visitas!$B$2:$B$401,MATCH(A173,Visitas!$A$2:$A$401,0)),"") -> UAD - Unidade de Atendimento Domiciliar | C173: I.4 | D173: =IFERROR(INDEX(Itens!$C$2:$C$100,MATCH(C173,Itens!$A$2:$A$100,0)),"") -> Infraestrutura de comunicação | E173: =IFERROR(INDEX(Visitas!$C$2:$C$401,MATCH(A173,Visitas!$A$2:$A$401,0)),"") -> 2023 | F173: =IFERROR(INDEX(Itens!$B$2:$B$100,MATCH(C173,Itens!$A$2:$A$100,0)),"") -> I | G173: 2 | H173: 0
A174: 13 | B174: =IFERROR(INDEX(Visitas!$B$2:$B$401,MATCH(A174,Visitas!$A$2:$A$401,0)),"") -> UAD - Unidade de Atendimento Domiciliar | C174: I.5 | D174: =IFERROR(INDEX(Itens!$C$2:$C$100,MATCH(C174,Itens!$A$2:$A$100,0)),"") -> Equipamentos | E174: =IFERROR(INDEX(Visitas!$C$2:$C$401,MATCH(A174,Visitas!$A$2:$A$401,0)),"") -> 2023 | F174: =IFERROR(INDEX(Itens!$B$2:$B$100,MATCH(C174,Itens!$A$2:$A$100,0)),"") -> I | G174: 2 | H174: 0
A175: 13 | B175: =IFERROR(INDEX(Visitas!$B$2:$B$401,MATCH(A175,Visitas!$A$2:$A$401,0)),"") -> UAD - Unidade de Atendimento Domiciliar | C175: I.6 | D175: =IFERROR(INDEX(Itens!$C$2:$C$100,MATCH(C175,Itens!$A$2:$A$100,0)),"") -> Materiais, medicamentos e insumos | E175: =IFERROR(INDEX(Visitas!$C$2:$C$401,MATCH(A175,Visitas!$A$2:$A$401,0)),"") -> 2023 | F175: =IFERROR(INDEX(Itens!$B$2:$B$100,MATCH(C175,Itens!$A$2:$A$100,0)),"") -> I | G175: 1 | H175: 0
A176: 13 | B176: =IFERROR(INDEX(Visitas!$B$2:$B$401,MATCH(A176,Visitas!$A$2:$A$401,0)),"") -> UAD - Unidade de Atendimento Domiciliar | C176: I.7 | D176: =IFERROR(INDEX(Itens!$C$2:$C$100,MATCH(C176,Itens!$A$2:$A$100,0)),"") -> Conforto, limpeza e organização | E176: =IFERROR(INDEX(Visitas!$C$2:$C$401,MATCH(A176,Visitas!$A$2:$A$401,0)),"") -> 2023 | F176: =IFERROR(INDEX(Itens!$B$2:$B$100,MATCH(C176,Itens!$A$2:$A$100,0)),"") -> I | G176: 2 | H176: 0
A177: 13 | B177: =IFERROR(INDEX(Visitas!$B$2:$B$401,MATCH(A177,Visitas!$A$2:$A$401,0)),"") -> UAD - Unidade de Atendimento Domiciliar | C177: II.1 | D177: =IFERROR(INDEX(Itens!$C$2:$C$100,MATCH(C177,Itens!$A$2:$A$100,0)),"") -> Utilização de indicadores de gestão | E177: =IFERROR(INDEX(Visitas!$C$2:$C$401,MATCH(A177,Visitas!$A$2:$A$401,0)),"") -> 2023 | F177: =IFERROR(INDEX(Itens!$B$2:$B$100,MATCH(C177,Itens!$A$2:$A$100,0)),"") -> II | G177: 1 | H177: 0
A178: 13 | B178: =IFERROR(INDEX(Visitas!$B$2:$B$401,MATCH(A178,Visitas!$A$2:$A$401,0)),"") -> UAD - Unidade de Atendimento Domiciliar | C178: II.2 | D178: =IFERROR(INDEX(Itens!$C$2:$C$100,MATCH(C178,Itens!$A$2:$A$100,0)),"") -> Dimensionamento de equipe | E178: =IFERROR(INDEX(Visitas!$C$2:$C$401,MATCH(A178,Visitas!$A$2:$A$401,0)),"") -> 2023 | F178: =IFERROR(INDEX(Itens!$B$2:$B$100,MATCH(C178,Itens!$A$2:$A$100,0)),"") -> II | G178: 2 | H178: 0
A179: 13 | B179: =IFERROR(INDEX(Visitas!$B$2:$B$401,MATCH(A179,Visitas!$A$2:$A$401,0)),"") -> UAD - Unidade de Atendimento Domiciliar | C179: II.3 | D179: =IFERROR(INDEX(Itens!$C$2:$C$100,MATCH(C179,Itens!$A$2:$A$100,0)),"") -> Execução do cronograma de capacitação da equipe de trabalho | E179: =IFERROR(INDEX(Visitas!$C$2:$C$401,MATCH(A179,Visitas!$A$2:$A$401,0)),"") -> 2023 | F179: =IFERROR(INDEX(Itens!$B$2:$B$100,MATCH(C179,Itens!$A$2:$A$100,0)),"") -> II | G179: 2 | H179: 0
A180: 13 | B180: =IFERROR(INDEX(Visitas!$B$2:$B$401,MATCH(A180,Visitas!$A$2:$A$401,0)),"") -> UAD - Unidade de Atendimento Domiciliar | C180: II.4 | D180: =IFERROR(INDEX(Itens!$C$2:$C$100,MATCH(C180,Itens!$A$2:$A$100,0)),"") -> Disponibilidade de agendamento de consultas, exames e procedimentos | E180: =IFERROR(INDEX(Visitas!$C$2:$C$401,MATCH(A180,Visitas!$A$2:$A$401,0)),"") -> 2023 | F180: =IFERROR(INDEX(Itens!$B$2:$B$100,MATCH(C180,Itens!$A$2:$A$100,0)),"") -> II | G180: 2 | H180: 0
A181: 13 | B181: =IFERROR(INDEX(Visitas!$B$2:$B$401,MATCH(A181,Visitas!$A$2:$A$401,0)),"") -> UAD - Unidade de Atendimento Domiciliar | C181: III.1 | D181: =IFERROR(INDEX(Itens!$C$2:$C$100,MATCH(C181,Itens!$A$2:$A$100,0)),"") -> Atendimento aos indicadores do PMS | E181: =IFERROR(INDEX(Visitas!$C$2:$C$401,MATCH(A181,Visitas!$A$2:$A$401,0)),"") -> 2023 | F181: =IFERROR(INDEX(Itens!$B$2:$B$100,MATCH(C181,Itens!$A$2:$A$100,0)),"") -> III | G181: 2 | H181: 0
... A226: 17 | B226: =IFERROR(INDEX(Visitas!$B$2:$B$401,MATCH(A226,Visitas!$A$2:$A$401,0)),"") -> PA Antonio Zanaga | C226: I.1 | D226: =IFERROR(INDEX(Itens!$C$2:$C$100,MATCH(C226,Itens!$A$2:$A$100,0)),"") -> Infraestrutura civil | E226: =IFERROR(INDEX(Visitas!$C$2:$C$401,MATCH(A226,Visitas!$A$2:$A$401,0)),"") -> 2023 | F226: =IFERROR(INDEX(Itens!$B$2:$B$100,MATCH(C226,Itens!$A$2:$A$100,0)),"") -> I | G226: 0 | H226: 0
A227: 17 | B227: =IFERROR(INDEX(Visitas!$B$2:$B$401,MATCH(A227,Visitas!$A$2:$A$401,0)),"") -> PA Antonio Zanaga | C227: I.2 | D227: =IFERROR(INDEX(Itens!$C$2:$C$100,MATCH(C227,Itens!$A$2:$A$100,0)),"") -> Infraestrutura elétrica | E227: =IFERROR(INDEX(Visitas!$C$2:$C$401,MATCH(A227,Visitas!$A$2:$A$401,0)),"") -> 2023 | F227: =IFERROR(INDEX(Itens!$B$2:$B$100,MATCH(C227,Itens!$A$2:$A$100,0)),"") -> I | H227: 0
A228: 17 | B228: =IFERROR(INDEX(Visitas!$B$2:$B$401,MATCH(A228,Visitas!$A$2:$A$401,0)),"") -> PA Antonio Zanaga | C228: I.3 | D228: =IFERROR(INDEX(Itens!$C$2:$C$100,MATCH(C228,Itens!$A$2:$A$100,0)),"") -> Infraestrutura hidráulica | E228: =IFERROR(INDEX(Visitas!$C$2:$C$401,MATCH(A228,Visitas!$A$2:$A$401,0)),"") -> 2023 | F228: =IFERROR(INDEX(Itens!$B$2:$B$100,MATCH(C228,Itens!$A$2:$A$100,0)),"") -> I | G228: 1 | H228: 0
A229: 17 | B229: =IFERROR(INDEX(Visitas!$B$2:$B$401,MATCH(A229,Visitas!$A$2:$A$401,0)),"") -> PA Antonio Zanaga | C229: I.4 | D229: =IFERROR(INDEX(Itens!$C$2:$C$100,MATCH(C229,Itens!$A$2:$A$100,0)),"") -> Infraestrutura de comunicação | E229: =IFERROR(INDEX(Visitas!$C$2:$C$401,MATCH(A229,Visitas!$A$2:$A$401,0)),"") -> 2023 | F229: =IFERROR(INDEX(Itens!$B$2:$B$100,MATCH(C229,Itens!$A$2:$A$100,0)),"") -> I | G229: 2 | H229: 0
A230: 17 | B230: =IFERROR(INDEX(Visitas!$B$2:$B$401,MATCH(A230,Visitas!$A$2:$A$401,0)),"") -> PA Antonio Zanaga | C230: I.5 | D230: =IFERROR(INDEX(Itens!$C$2:$C$100,MATCH(C230,Itens!$A$2:$A$100,0)),"") -> Equipamentos | E230: =IFERROR(INDEX(Visitas!$C$2:$C$401,MATCH(A230,Visitas!$A$2:$A$401,0)),"") -> 2023 | F230: =IFERROR(INDEX(Itens!$B$2:$B$100,MATCH(C230,Itens!$A$2:$A$100,0)),"") -> I | G230: 2 | H230: 0
A231: 17 | B231: =IFERROR(INDEX(Visitas!$B$2:$B$401,MATCH(A231,Visitas!$A$2:$A$401,0)),"") -> PA Antonio Zanaga | C231: I.6 | D231: =IFERROR(INDEX(Itens!$C$2:$C$100,MATCH(C231,Itens!$A$2:$A$100,0)),"") -> Materiais, medicamentos e insumos | E231: =IFERROR(INDEX(Visitas!$C$2:$C$401,MATCH(A231,Visitas!$A$2:$A$401,0)),"") -> 2023 | F231: =IFERROR(INDEX(Itens!$B$2:$B$100,MATCH(C231,Itens!$A$2:$A$100,0)),"") -> I | G231: 1 | H231: 0
A232: 17 | B232: =IFERROR(INDEX(Visitas!$B$2:$B$401,MATCH(A232,Visitas!$A$2:$A$401,0)),"") -> PA Antonio Zanaga | C232: I.7 | D232: =IFERROR(INDEX(Itens!$C$2:$C$100,MATCH(C232,Itens!$A$2:$A$100,0)),"") -> Conforto, limpeza e organização | E232: =IFERROR(INDEX(Visitas!$C$2:$C$401,MATCH(A232,Visitas!$A$2:$A$401,0)),"") -> 2023 | F232: =IFERROR(INDEX(Itens!$B$2:$B$100,MATCH(C232,Itens!$A$2:$A$100,0)),"") -> I | G232: 1 | H232: 0
A233: 17 | B233: =IFERROR(INDEX(Visitas!$B$2:$B$401,MATCH(A233,Visitas!$A$2:$A$401,0)),"") -> PA Antonio Zanaga | C233: II.1 | D233: =IFERROR(INDEX(Itens!$C$2:$C$100,MATCH(C233,Itens!$A$2:$A$100,0)),"") -> Utilização de indicadores de gestão | E233: =IFERROR(INDEX(Visitas!$C$2:$C$401,MATCH(A233,Visitas!$A$2:$A$401,0)),"") -> 2023 | F233: =IFERROR(INDEX(Itens!$B$2:$B$100,MATCH(C233,Itens!$A$2:$A$100,0)),"") -> II | G233: 1 | H233: 0
A234: 17 | B234: =IFERROR(INDEX(Visitas!$B$2:$B$401,MATCH(A234,Visitas!$A$2:$A$401,0)),"") -> PA Antonio Zanaga | C234: II.2 | D234: =IFERROR(INDEX(Itens!$C$2:$C$100,MATCH(C234,Itens!$A$2:$A$100,0)),"") -> Dimensionamento de equipe | E234: =IFERROR(INDEX(Visitas!$C$2:$C$401,MATCH(A234,Visitas!$A$2:$A$401,0)),"") -> 2023 | F234: =IFERROR(INDEX(Itens!$B$2:$B$100,MATCH(C234,Itens!$A$2:$A$100,0)),"") -> II | G234: 2 | H234: 0
A235: 17 | B235: =IFERROR(INDEX(Visitas!$B$2:$B$401,MATCH(A235,Visitas!$A$2:$A$401,0)),"") -> PA Antonio Zanaga | C235: II.3 | D235: =IFERROR(INDEX(Itens!$C$2:$C$100,MATCH(C235,Itens!$A$2:$A$100,0)),"") -> Execução do cronograma de capacitação da equipe de trabalho | E235: =IFERROR(INDEX(Visitas!$C$2:$C$401,MATCH(A235,Visitas!$A$2:$A$401,0)),"") -> 2023 | F235: =IFERROR(INDEX(Itens!$B$2:$B$100,MATCH(C235,Itens!$A$2:$A$100,0)),"") -> II | G235: 1 | H235: 0
A236: 17 | B236: =IFERROR(INDEX(Visitas!$B$2:$B$401,MATCH(A236,Visitas!$A$2:$A$401,0)),"") -> PA Antonio Zanaga | C236: II.4 | D236: =IFERROR(INDEX(Itens!$C$2:$C$100,MATCH(C236,Itens!$A$2:$A$100,0)),"") -> Disponibilidade de agendamento de consultas, exames e procedimentos | E236: =IFERROR(INDEX(Visitas!$C$2:$C$401,MATCH(A236,Visitas!$A$2:$A$401,0)),"") -> 2023 | F236: =IFERROR(INDEX(Itens!$B$2:$B$100,MATCH(C236,Itens!$A$2:$A$100,0)),"") -> II | G236: 2 | H236: 0
A237: 17 | B237: =IFERROR(INDEX(Visitas!$B$2:$B$401,MATCH(A237,Visitas!$A$2:$A$401,0)),"") -> PA Antonio Zanaga | C237: III.1 | D237: =IFERROR(INDEX(Itens!$C$2:$C$100,MATCH(C237,Itens!$A$2:$A$100,0)),"") -> Atendimento aos indicadores do PMS | E237: =IFERROR(INDEX(Visitas!$C$2:$C$401,MATCH(A237,Visitas!$A$2:$A$401,0)),"") -> 2023 | F237: =IFERROR(INDEX(Itens!$B$2:$B$100,MATCH(C237,Itens!$A$2:$A$100,0)),"") -> III | G237: 1 | H237: 0
A238: 17 | B238: =IFERROR(INDEX(Visitas!$B$2:$B$401,MATCH(A238,Visitas!$A$2:$A$401,0)),"") -> PA Antonio Zanaga | C238: IV.1 | D238: =IFERROR(INDEX(Itens!$C$2:$C$100,MATCH(C238,Itens!$A$2:$A$100,0)),"") -> Registro de reclamações na Ouvidoria do COMSAUDE | E238: =IFERROR(INDEX(Visitas!$C$2:$C$401,MATCH(A238,Visitas!$A$2:$A$401,0)),"") -> 2023 | F238: =IFERROR(INDEX(Itens!$B$2:$B$100,MATCH(C238,Itens!$A$2:$A$100,0)),"") -> IV | G238: 1 | H238: 0
A239: 17 | B239: =IFERROR(INDEX(Visitas!$B$2:$B$401,MATCH(A239,Visitas!$A$2:$A$401,0)),"") -> PA Antonio Zanaga | C239: IV.2 | D239: =IFERROR(INDEX(Itens!$C$2:$C$100,MATCH(C239,Itens!$A$2:$A$100,0)),"") -> Satisfação dos usuários | E239: =IFERROR(INDEX(Visitas!$C$2:$C$401,MATCH(A239,Visitas!$A$2:$A$401,0)),"") -> 2023 | F239: =IFERROR(INDEX(Itens!$B$2:$B$100,MATCH(C239,Itens!$A$2:$A$100,0)),"") -> IV | G239: 1 | H239: 0
... A293: 21 | B293: =IFERROR(INDEX(Visitas!$B$2:$B$401,MATCH(A293,Visitas!$A$2:$A$401,0)),"") -> UAD - Unidade de Atendimento Domiciliar | C293: III.1 | D293: =IFERROR(INDEX(Itens!$C$2:$C$100,MATCH(C293,Itens!$A$2:$A$100,0)),"") -> Atendimento aos indicadores do PMS | E293: =IFERROR(INDEX(Visitas!$C$2:$C$401,MATCH(A293,Visitas!$A$2:$A$401,0)),"") -> 2026 | F293: =IFERROR(INDEX(Itens!$B$2:$B$100,MATCH(C293,Itens!$A$2:$A$100,0)),"") -> III | G293: 2 | H293: 0
A294: 21 | B294: =IFERROR(INDEX(Visitas!$B$2:$B$401,MATCH(A294,Visitas!$A$2:$A$401,0)),"") -> UAD - Unidade de Atendimento Domiciliar | C294: IV.1 | D294: =IFERROR(INDEX(Itens!$C$2:$C$100,MATCH(C294,Itens!$A$2:$A$100,0)),"") -> Registro de reclamações na Ouvidoria do COMSAUDE | E294: =IFERROR(INDEX(Visitas!$C$2:$C$401,MATCH(A294,Visitas!$A$2:$A$401,0)),"") -> 2026 | F294: =IFERROR(INDEX(Itens!$B$2:$B$100,MATCH(C294,Itens!$A$2:$A$100,0)),"") -> IV | H294: 1
A295: 21 | B295: =IFERROR(INDEX(Visitas!$B$2:$B$401,MATCH(A295,Visitas!$A$2:$A$401,0)),"") -> UAD - Unidade de Atendimento Domiciliar | C295: IV.2 | D295: =IFERROR(INDEX(Itens!$C$2:$C$100,MATCH(C295,Itens!$A$2:$A$100,0)),"") -> Satisfação dos usuários | E295: =IFERROR(INDEX(Visitas!$C$2:$C$401,MATCH(A295,Visitas!$A$2:$A$401,0)),"") -> 2026 | F295: =IFERROR(INDEX(Itens!$B$2:$B$100,MATCH(C295,Itens!$A$2:$A$100,0)),"") -> IV | H295: 1
A296: 22 | B296: =IFERROR(INDEX(Visitas!$B$2:$B$401,MATCH(A296,Visitas!$A$2:$A$401,0)),"") -> UBS Jardim São Paulo | C296: I.1 | D296: =IFERROR(INDEX(Itens!$C$2:$C$100,MATCH(C296,Itens!$A$2:$A$100,0)),"") -> Infraestrutura civil | E296: =IFERROR(INDEX(Visitas!$C$2:$C$401,MATCH(A296,Visitas!$A$2:$A$401,0)),"") -> 2026 | F296: =IFERROR(INDEX(Itens!$B$2:$B$100,MATCH(C296,Itens!$A$2:$A$100,0)),"") -> I | G296: 1 | H296: 0
A297: 22 | B297: =IFERROR(INDEX(Visitas!$B$2:$B$401,MATCH(A297,Visitas!$A$2:$A$401,0)),"") -> UBS Jardim São Paulo | C297: I.2 | D297: =IFERROR(INDEX(Itens!$C$2:$C$100,MATCH(C297,Itens!$A$2:$A$100,0)),"") -> Infraestrutura elétrica | E297: =IFERROR(INDEX(Visitas!$C$2:$C$401,MATCH(A297,Visitas!$A$2:$A$401,0)),"") -> 2026 | F297: =IFERROR(INDEX(Itens!$B$2:$B$100,MATCH(C297,Itens!$A$2:$A$100,0)),"") -> I | G297: 2 | H297: 0
A298: 22 | B298: =IFERROR(INDEX(Visitas!$B$2:$B$401,MATCH(A298,Visitas!$A$2:$A$401,0)),"") -> UBS Jardim São Paulo | C298: I.3 | D298: =IFERROR(INDEX(Itens!$C$2:$C$100,MATCH(C298,Itens!$A$2:$A$100,0)),"") -> Infraestrutura hidráulica | E298: =IFERROR(INDEX(Visitas!$C$2:$C$401,MATCH(A298,Visitas!$A$2:$A$401,0)),"") -> 2026 | F298: =IFERROR(INDEX(Itens!$B$2:$B$100,MATCH(C298,Itens!$A$2:$A$100,0)),"") -> I | G298: 1 | H298: 0
...

Sheet Resultados
A1: visita_id | B1: Ciclo | C1: Data | D1: Unidade | E1: Situação | F1: Pontos I | G1: Pontos II | H1: Pontos III | I1: Pontos IV | J1: Possíveis I | K1: Possíveis II | L1: Possíveis III | M1: Possíveis IV | N1: % Infra. Física | O1: % Infra. Humana | P1: % Plano Municipal | Q1: % Percepção Usuário | R1: Nota final | S1: Classificação | T1: Nota pelo método da planilha original | U1: Válida p/ painel
A2: =IF(Visitas!A2="","",Visitas!A2) -> 1 | B2: =IF($A2="","",Visitas!C2) -> 2023 | C2: =IF($A2="","",Visitas!D2) -> 45251 | D2: =IF($A2="","",Visitas!B2) -> UBS Jardim Boer | E2: =IF($A2="","",Visitas!F2) -> concluida | F2: =IF($A2="","",SUMIFS(Avaliacoes!$G$2:$G$6000,Avaliacoes!$A$2:$A$6000,$A2,Avaliacoes!$F$2:$F$6000,"I",Avaliacoes!$H$2:$H$6000,0)) -> 9 | G2: =IF($A2="","",SUMIFS(Avaliacoes!$G$2:$G$6000,Avaliacoes!$A$2:$A$6000,$A2,Avaliacoes!$F$2:$F$6000,"II",Avaliacoes!$H$2:$H$6000,0)) -> 6 | H2: =IF($A2="","",SUMIFS(Avaliacoes!$G$2:$G$6000,Avaliacoes!$A$2:$A$6000,$A2,Avaliacoes!$F$2:$F$6000,"III",Avaliacoes!$H$2:$H$6000,0)) -> 1 | I2: =IF($A2="","",SUMIFS(Avaliacoes!$G$2:$G$6000,Avaliacoes!$A$2:$A$6000,$A2,Avaliacoes!$F$2:$F$6000,"IV",Avaliacoes!$H$2:$H$6000,0)) -> 4 | J2: =IF($A2="","",COUNTIFS(Avaliacoes!$A$2:$A$6000,$A2,Avaliacoes!$F$2:$F$6000,"I",Avaliacoes!$H$2:$H$6000,0,Avaliacoes!$G$2:$G$6000,"<>")*Dimensoes!$E$2) -> 14 | K2: =IF($A2="","",COUNTIFS(Avaliacoes!$A$2:$A$6000,$A2,Avaliacoes!$F$2:$F$6000,"II",Avaliacoes!$H$2:$H$6000,0,Avaliacoes!$G$2:$G$6000,"<>")*Dimensoes!$E$3) -> 8 | L2: =IF($A2="","",COUNTIFS(Avaliacoes!$A$2:$A$6000,$A2,Avaliacoes!$F$2:$F$6000,"III",Avaliacoes!$H$2:$H$6000,0,Avaliacoes!$G$2:$G$6000,"<>")*Dimensoes!$E$4) -> 2 | M2: =IF($A2="","",COUNTIFS(Avaliacoes!$A$2:$A$6000,$A2,Avaliacoes!$F$2:$F$6000,"IV",Avaliacoes!$H$2:$H$6000,0,Avaliacoes!$G$2:$G$6000,"<>")*Dimensoes!$E$5) -> 4 | N2: =IF($A2="","",IF(J2>0,F2/J2,"")) -> 0.64285714 | O2: =IF($A2="","",IF(K2>0,G2/K2,"")) -> 0.75 | P2: =IF($A2="","",IF(L2>0,H2/L2,"")) -> 0.5 | Q2: =IF($A2="","",IF(M2>0,I2/M2,"")) -> 1 | R2: =IF($A2="","",IF((IF(N2="",0,Dimensoes!$C$2)+IF(O2="",0,Dimensoes!$C$3)+IF(P2="",0,Dimensoes!$C$4)+IF(Q2="",0,Dimensoes!$C$5))=0,"",(IF(N2="",0,N2*Dimensoes!$C$2)+IF(O2="",0,O2*Dimensoes!$C$3)+IF(P2="",0,P2*Dimensoes!$C$4)+IF(Q2="",0,Q2*Dimensoes!$C$5))/(IF(N2="",0,Dimensoes!$C$2)+IF(O2="",0,Dimensoes!$C$3)+IF(P2="",0,Dimensoes!$C$4)+IF(Q2="",0,Dimensoes!$C$5)))) -> 0.72321429 | S2: =IF(R2="","",IF(R2<Faixas!$C$3,"vermelho",IF(R2<Faixas!$C$4,"amarelo","verde"))) -> amarelo | T2: =IF($A2="","",IF(N2="",0,N2*Dimensoes!$C$2)+IF(O2="",0,O2*Dimensoes!$C$3)+IF(P2="",0,P2*Dimensoes!$C$4)+IF(Q2="",0,Q2*Dimensoes!$C$5)) -> 0.72321429 | U2: =IF($A2="","",IF(OR(E2="concluida",E2="incompleta"),1,0)) -> 1
A3: =IF(Visitas!A3="","",Visitas!A3) -> 2 | B3: =IF($A3="","",Visitas!C3) -> 2023 | C3: =IF($A3="","",Visitas!D3) -> 45271 | D3: =IF($A3="","",Visitas!B3) -> UBS Jardim Ipiranga | E3: =IF($A3="","",Visitas!F3) -> concluida | F3: =IF($A3="","",SUMIFS(Avaliacoes!$G$2:$G$6000,Avaliacoes!$A$2:$A$6000,$A3,Avaliacoes!$F$2:$F$6000,"I",Avaliacoes!$H$2:$H$6000,0)) -> 8 | G3: =IF($A3="","",SUMIFS(Avaliacoes!$G$2:$G$6000,Avaliacoes!$A$2:$A$6000,$A3,Avaliacoes!$F$2:$F$6000,"II",Avaliacoes!$H$2:$H$6000,0)) -> 5 | H3: =IF($A3="","",SUMIFS(Avaliacoes!$G$2:$G$6000,Avaliacoes!$A$2:$A$6000,$A3,Avaliacoes!$F$2:$F$6000,"III",Avaliacoes!$H$2:$H$6000,0)) -> 1 | I3: =IF($A3="","",SUMIFS(Avaliacoes!$G$2:$G$6000,Avaliacoes!$A$2:$A$6000,$A3,Avaliacoes!$F$2:$F$6000,"IV",Avaliacoes!$H$2:$H$6000,0)) -> 3 | J3: =IF($A3="","",COUNTIFS(Avaliacoes!$A$2:$A$6000,$A3,Avaliacoes!$F$2:$F$6000,"I",Avaliacoes!$H$2:$H$6000,0,Avaliacoes!$G$2:$G$6000,"<>")*Dimensoes!$E$2) -> 14 | K3: =IF($A3="","",COUNTIFS(Avaliacoes!$A$2:$A$6000,$A3,Avaliacoes!$F$2:$F$6000,"II",Avaliacoes!$H$2:$H$6000,0,Avaliacoes!$G$2:$G$6000,"<>")*Dimensoes!$E$3) -> 8 | L3: =IF($A3="","",COUNTIFS(Avaliacoes!$A$2:$A$6000,$A3,Avaliacoes!$F$2:$F$6000,"III",Avaliacoes!$H$2:$H$6000,0,Avaliacoes!$G$2:$G$6000,"<>")*Dimensoes!$E$4) -> 2 | M3: =IF($A3="","",COUNTIFS(Avaliacoes!$A$2:$A$6000,$A3,Avaliacoes!$F$2:$F$6000,"IV",Avaliacoes!$H$2:$H$6000,0,Avaliacoes!$G$2:$G$6000,"<>")*Dimensoes!$E$5) -> 4 | N3: =IF($A3="","",IF(J3>0,F3/J3,"")) -> 0.57142857 | O3: =IF($A3="","",IF(K3>0,G3/K3,"")) -> 0.625 | P3: =IF($A3="","",IF(L3>0,H3/L3,"")) -> 0.5 | Q3: =IF($A3="","",IF(M3>0,I3/M3,"")) -> 0.75 | R3: =IF($A3="","",IF((IF(N3="",0,Dimensoes!$C$2)+IF(O3="",0,Dimensoes!$C$3)+IF(P3="",0,Dimensoes!$C$4)+IF(Q3="",0,Dimensoes!$C$5))=0,"",(IF(N3="",0,N3*Dimensoes!$C$2)+IF(O3="",0,O3*Dimensoes!$C$3)+IF(P3="",0,P3*Dimensoes!$C$4)+IF(Q3="",0,Q3*Dimensoes!$C$5))/(IF(N3="",0,Dimensoes!$C$2)+IF(O3="",0,Dimensoes!$C$3)+IF(P3="",0,Dimensoes!$C$4)+IF(Q3="",0,Dimensoes!$C$5)))) -> 0.61160714 | S3: =IF(R3="","",IF(R3<Faixas!$C$3,"vermelho",IF(R3<Faixas!$C$4,"amarelo","verde"))) -> amarelo | T3: =IF($A3="","",IF(N3="",0,N3*Dimensoes!$C$2)+IF(O3="",0,O3*Dimensoes!$C$3)+IF(P3="",0,P3*Dimensoes!$C$4)+IF(Q3="",0,Q3*Dimensoes!$C$5)) -> 0.61160714 | U3: =IF($A3="","",IF(OR(E3="concluida",E3="incompleta"),1,0)) -> 1
A4: =IF(Visitas!A4="","",Visitas!A4) -> 3 | B4: =IF($A4="","",Visitas!C4) -> 2023 | C4: =IF($A4="","",Visitas!D4) -> 45231 | D4: =IF($A4="","",Visitas!B4) -> UBS Jardim São Paulo | E4: =IF($A4="","",Visitas!F4) -> concluida | F4: =IF($A4="","",SUMIFS(Avaliacoes!$G$2:$G$6000,Avaliacoes!$A$2:$A$6000,$A4,Avaliacoes!$F$2:$F$6000,"I",Avaliacoes!$H$2:$H$6000,0)) -> 13 | G4: =IF($A4="","",SUMIFS(Avaliacoes!$G$2:$G$6000,Avaliacoes!$A$2:$A$6000,$A4,Avaliacoes!$F$2:$F$6000,"II",Avaliacoes!$H$2:$H$6000,0)) -> 4 | H4: =IF($A4="","",SUMIFS(Avaliacoes!$G$2:$G$6000,Avaliacoes!$A$2:$A$6000,$A4,Avaliacoes!$F$2:$F$6000,"III",Avaliacoes!$H$2:$H$6000,0)) -> 2 | I4: =IF($A4="","",SUMIFS(Avaliacoes!$G$2:$G$6000,Avaliacoes!$A$2:$A$6000,$A4,Avaliacoes!$F$2:$F$6000,"IV",Avaliacoes!$H$2:$H$6000,0)) -> 4 | J4: =IF($A4="","",COUNTIFS(Avaliacoes!$A$2:$A$6000,$A4,Avaliacoes!$F$2:$F$6000,"I",Avaliacoes!$H$2:$H$6000,0,Avaliacoes!$G$2:$G$6000,"<>")*Dimensoes!$E$2) -> 14 | K4: =IF($A4="","",COUNTIFS(Avaliacoes!$A$2:$A$6000,$A4,Avaliacoes!$F$2:$F$6000,"II",Avaliacoes!$H$2:$H$6000,0,Avaliacoes!$G$2:$G$6000,"<>")*Dimensoes!$E$3) -> 8 | L4: =IF($A4="","",COUNTIFS(Avaliacoes!$A$2:$A$6000,$A4,Avaliacoes!$F$2:$F$6000,"III",Avaliacoes!$H$2:$H$6000,0,Avaliacoes!$G$2:$G$6000,"<>")*Dimensoes!$E$4) -> 2 | M4: =IF($A4="","",COUNTIFS(Avaliacoes!$A$2:$A$6000,$A4,Avaliacoes!$F$2:$F$6000,"IV",Avaliacoes!$H$2:$H$6000,0,Avaliacoes!$G$2:$G$6000,"<>")*Dimensoes!$E$5) -> 4 | N4: =IF($A4="","",IF(J4>0,F4/J4,"")) -> 0.92857143 | O4: =IF($A4="","",IF(K4>0,G4/K4,"")) -> 0.5 | P4: =IF($A4="","",IF(L4>0,H4/L4,"")) -> 1 | Q4: =IF($A4="","",IF(M4>0,I4/M4,"")) -> 1 | R4: =IF($A4="","",IF((IF(N4="",0,Dimensoes!$C$2)+IF(O4="",0,Dimensoes!$C$3)+IF(P4="",0,Dimensoes!$C$4)+IF(Q4="",0,Dimensoes!$C$5))=0,"",(IF(N4="",0,N4*Dimensoes!$C$2)+IF(O4="",0,O4*Dimensoes!$C$3)+IF(P4="",0,P4*Dimensoes!$C$4)+IF(Q4="",0,Q4*Dimensoes!$C$5))/(IF(N4="",0,Dimensoes!$C$2)+IF(O4="",0,Dimensoes!$C$3)+IF(P4="",0,Dimensoes!$C$4)+IF(Q4="",0,Dimensoes!$C$5)))) -> 0.85714286 | S4: =IF(R4="","",IF(R4<Faixas!$C$3,"vermelho",IF(R4<Faixas!$C$4,"amarelo","verde"))) -> verde | T4: =IF($A4="","",IF(N4="",0,N4*Dimensoes!$C$2)+IF(O4="",0,O4*Dimensoes!$C$3)+IF(P4="",0,P4*Dimensoes!$C$4)+IF(Q4="",0,Q4*Dimensoes!$C$5)) -> 0.85714286 | U4: =IF($A4="","",IF(OR(E4="concluida",E4="incompleta"),1,0)) -> 1
A5: =IF(Visitas!A5="","",Visitas!A5) -> 4 | B5: =IF($A5="","",Visitas!C5) -> 2023 | C5: =IF($A5="","",Visitas!D5) -> 45229 | D5: =IF($A5="","",Visitas!B5) -> UBS Dona Rosa | E5: =IF($A5="","",Visitas!F5) -> concluida | F5: =IF($A5="","",SUMIFS(Avaliacoes!$G$2:$G$6000,Avaliacoes!$A$2:$A$6000,$A5,Avaliacoes!$F$2:$F$6000,"I",Avaliacoes!$H$2:$H$6000,0)) -> 12 | G5: =IF($A5="","",SUMIFS(Avaliacoes!$G$2:$G$6000,Avaliacoes!$A$2:$A$6000,$A5,Avaliacoes!$F$2:$F$6000,"II",Avaliacoes!$H$2:$H$6000,0)) -> 4 | H5: =IF($A5="","",SUMIFS(Avaliacoes!$G$2:$G$6000,Avaliacoes!$A$2:$A$6000,$A5,Avaliacoes!$F$2:$F$6000,"III",Avaliacoes!$H$2:$H$6000,0)) -> 1 | I5: =IF($A5="","",SUMIFS(Avaliacoes!$G$2:$G$6000,Avaliacoes!$A$2:$A$6000,$A5,Avaliacoes!$F$2:$F$6000,"IV",Avaliacoes!$H$2:$H$6000,0)) -> 4 | J5: =IF($A5="","",COUNTIFS(Avaliacoes!$A$2:$A$6000,$A5,Avaliacoes!$F$2:$F$6000,"I",Avaliacoes!$H$2:$H$6000,0,Avaliacoes!$G$2:$G$6000,"<>")*Dimensoes!$E$2) -> 14 | K5: =IF($A5="","",COUNTIFS(Avaliacoes!$A$2:$A$6000,$A5,Avaliacoes!$F$2:$F$6000,"II",Avaliacoes!$H$2:$H$6000,0,Avaliacoes!$G$2:$G$6000,"<>")*Dimensoes!$E$3) -> 8 | L5: =IF($A5="","",COUNTIFS(Avaliacoes!$A$2:$A$6000,$A5,Avaliacoes!$F$2:$F$6000,"III",Avaliacoes!$H$2:$H$6000,0,Avaliacoes!$G$2:$G$6000,"<>")*Dimensoes!$E$4) -> 2 | M5: =IF($A5="","",COUNTIFS(Avaliacoes!$A$2:$A$6000,$A5,Avaliacoes!$F$2:$F$6000,"IV",Avaliacoes!$H$2:$H$6000,0,Avaliacoes!$G$2:$G$6000,"<>")*Dimensoes!$E$5) -> 4 | N5: =IF($A5="","",IF(J5>0,F5/J5,"")) -> 0.85714286 | O5: =IF($A5="","",IF(K5>0,G5/K5,"")) -> 0.5 | P5: =IF($A5="","",IF(L5>0,H5/L5,"")) -> 0.5 | Q5: =IF($A5="","",IF(M5>0,I5/M5,"")) -> 1 | R5: =IF($A5="","",IF((IF(N5="",0,Dimensoes!$C$2)+IF(O5="",0,Dimensoes!$C$3)+IF(P5="",0,Dimensoes!$C$4)+IF(Q5="",0,Dimensoes!$C$5))=0,"",(IF(N5="",0,N5*Dimensoes!$C$2)+IF(O5="",0,O5*Dimensoes!$C$3)+IF(P5="",0,P5*Dimensoes!$C$4)+IF(Q5="",0,Q5*Dimensoes!$C$5))/(IF(N5="",0,Dimensoes!$C$2)+IF(O5="",0,Dimensoes!$C$3)+IF(P5="",0,Dimensoes!$C$4)+IF(Q5="",0,Dimensoes!$C$5)))) -> 0.71428571 | S5: =IF(R5="","",IF(R5<Faixas!$C$3,"vermelho",IF(R5<Faixas!$C$4,"amarelo","verde"))) -> amarelo | T5: =IF($A5="","",IF(N5="",0,N5*Dimensoes!$C$2)+IF(O5="",0,O5*Dimensoes!$C$3)+IF(P5="",0,P5*Dimensoes!$C$4)+IF(Q5="",0,Q5*Dimensoes!$C$5)) -> 0.71428571 | U5: =IF($A5="","",IF(OR(E5="concluida",E5="incompleta"),1,0)) -> 1
A6: =IF(Visitas!A6="","",Visitas!A6) -> 5 | B6: =IF($A6="","",Visitas!C6) -> 2023 | C6: =IF($A6="","",Visitas!D6) -> 45166 | D6: =IF($A6="","",Visitas!B6) -> UBS Guanabara | E6: =IF($A6="","",Visitas!F6) -> concluida | F6: =IF($A6="","",SUMIFS(Avaliacoes!$G$2:$G$6000,Avaliacoes!$A$2:$A$6000,$A6,Avaliacoes!$F$2:$F$6000,"I",Avaliacoes!$H$2:$H$6000,0)) -> 13 | G6: =IF($A6="","",SUMIFS(Avaliacoes!$G$2:$G$6000,Avaliacoes!$A$2:$A$6000,$A6,Avaliacoes!$F$2:$F$6000,"II",Avaliacoes!$H$2:$H$6000,0)) -> 5 | H6: =IF($A6="","",SUMIFS(Avaliacoes!$G$2:$G$6000,Avaliacoes!$A$2:$A$6000,$A6,Avaliacoes!$F$2:$F$6000,"III",Avaliacoes!$H$2:$H$6000,0)) -> 1 | I6: =IF($A6="","",SUMIFS(Avaliacoes!$G$2:$G$6000,Avaliacoes!$A$2:$A$6000,$A6,Avaliacoes!$F$2:$F$6000,"IV",Avaliacoes!$H$2:$H$6000,0)) -> 4 | J6: =IF($A6="","",COUNTIFS(Avaliacoes!$A$2:$A$6000,$A6,Avaliacoes!$F$2:$F$6000,"I",Avaliacoes!$H$2:$H$6000,0,Avaliacoes!$G$2:$G$6000,"<>")*Dimensoes!$E$2) -> 14 | K6: =IF($A6="","",COUNTIFS(Avaliacoes!$A$2:$A$6000,$A6,Avaliacoes!$F$2:$F$6000,"II",Avaliacoes!$H$2:$H$6000,0,Avaliacoes!$G$2:$G$6000,"<>")*Dimensoes!$E$3) -> 8 | L6: =IF($A6="","",COUNTIFS(Avaliacoes!$A$2:$A$6000,$A6,Avaliacoes!$F$2:$F$6000,"III",Avaliacoes!$H$2:$H$6000,0,Avaliacoes!$G$2:$G$6000,"<>")*Dimensoes!$E$4) -> 2 | M6: =IF($A6="","",COUNTIFS(Avaliacoes!$A$2:$A$6000,$A6,Avaliacoes!$F$2:$F$6000,"IV",Avaliacoes!$H$2:$H$6000,0,Avaliacoes!$G$2:$G$6000,"<>")*Dimensoes!$E$5) -> 4 | N6: =IF($A6="","",IF(J6>0,F6/J6,"")) -> 0.92857143 | O6: =IF($A6="","",IF(K6>0,G6/K6,"")) -> 0.625 | P6: =IF($A6="","",IF(L6>0,H6/L6,"")) -> 0.5 | Q6: =IF($A6="","",IF(M6>0,I6/M6,"")) -> 1 | R6: =IF($A6="","",IF((IF(N6="",0,Dimensoes!$C$2)+IF(O6="",0,Dimensoes!$C$3)+IF(P6="",0,Dimensoes!$C$4)+IF(Q6="",0,Dimensoes!$C$5))=0,"",(IF(N6="",0,N6*Dimensoes!$C$2)+IF(O6="",0,O6*Dimensoes!$C$3)+IF(P6="",0,P6*Dimensoes!$C$4)+IF(Q6="",0,Q6*Dimensoes!$C$5))/(IF(N6="",0,Dimensoes!$C$2)+IF(O6="",0,Dimensoes!$C$3)+IF(P6="",0,Dimensoes!$C$4)+IF(Q6="",0,Dimensoes!$C$5)))) -> 0.76339286 | S6: =IF(R6="","",IF(R6<Faixas!$C$3,"vermelho",IF(R6<Faixas!$C$4,"amarelo","verde"))) -> amarelo | T6: =IF($A6="","",IF(N6="",0,N6*Dimensoes!$C$2)+IF(O6="",0,O6*Dimensoes!$C$3)+IF(P6="",0,P6*Dimensoes!$C$4)+IF(Q6="",0,Q6*Dimensoes!$C$5)) -> 0.76339286 | U6: =IF($A6="","",IF(OR(E6="concluida",E6="incompleta"),1,0)) -> 1
A7: =IF(Visitas!A7="","",Visitas!A7) -> 6 | B7: =IF($A7="","",Visitas!C7) -> 2023 | C7: =IF($A7="","",Visitas!D7) -> 45271 | D7: =IF($A7="","",Visitas!B7) -> UBS Mathiensen | E7: =IF($A7="","",Visitas!F7) -> concluida | F7: =IF($A7="","",SUMIFS(Avaliacoes!$G$2:$G$6000,Avaliacoes!$A$2:$A$6000,$A7,Avaliacoes!$F$2:$F$6000,"I",Avaliacoes!$H$2:$H$6000,0)) -> 6 | G7: =IF($A7="","",SUMIFS(Avaliacoes!$G$2:$G$6000,Avaliacoes!$A$2:$A$6000,$A7,Avaliacoes!$F$2:$F$6000,"II",Avaliacoes!$H$2:$H$6000,0)) -> 2 | H7: =IF($A7="","",SUMIFS(Avaliacoes!$G$2:$G$6000,Avaliacoes!$A$2:$A$6000,$A7,Avaliacoes!$F$2:$F$6000,"III",Avaliacoes!$H$2:$H$6000,0)) -> 1 | I7: =IF($A7="","",SUMIFS(Avaliacoes!$G$2:$G$6000,Avaliacoes!$A$2:$A$6000,$A7,Avaliacoes!$F$2:$F$6000,"IV",Avaliacoes!$H$2:$H$6000,0)) -> 1 | J7: =IF($A7="","",COUNTIFS(Avaliacoes!$A$2:$A$6000,$A7,Avaliacoes!$F$2:$F$6000,"I",Avaliacoes!$H$2:$H$6000,0,Avaliacoes!$G$2:$G$6000,"<>")*Dimensoes!$E$2) -> 14 | K7: =IF($A7="","",COUNTIFS(Avaliacoes!$A$2:$A$6000,$A7,Avaliacoes!$F$2:$F$6000,"II",Avaliacoes!$H$2:$H$6000,0,Avaliacoes!$G$2:$G$6000,"<>")*Dimensoes!$E$3) -> 8 | L7: =IF($A7="","",COUNTIFS(Avaliacoes!$A$2:$A$6000,$A7,Avaliacoes!$F$2:$F$6000,"III",Avaliacoes!$H$2:$H$6000,0,Avaliacoes!$G$2:$G$6000,"<>")*Dimensoes!$E$4) -> 2 | M7: =IF($A7="","",COUNTIFS(Avaliacoes!$A$2:$A$6000,$A7,Avaliacoes!$F$2:$F$6000,"IV",Avaliacoes!$H$2:$H$6000,0,Avaliacoes!$G$2:$G$6000,"<>")*Dimensoes!$E$5) -> 4 | N7: =IF($A7="","",IF(J7>0,F7/J7,"")) -> 0.42857143 | O7: =IF($A7="","",IF(K7>0,G7/K7,"")) -> 0.25 | P7: =IF($A7="","",IF(L7>0,H7/L7,"")) -> 0.5 | Q7: =IF($A7="","",IF(M7>0,I7/M7,"")) -> 0.25 | R7: =IF($A7="","",IF((IF(N7="",0,Dimensoes!$C$2)+IF(O7="",0,Dimensoes!$C$3)+IF(P7="",0,Dimensoes!$C$4)+IF(Q7="",0,Dimensoes!$C$5))=0,"",(IF(N7="",0,N7*Dimensoes!$C$2)+IF(O7="",0,O7*Dimensoes!$C$3)+IF(P7="",0,P7*Dimensoes!$C$4)+IF(Q7="",0,Q7*Dimensoes!$C$5))/(IF(N7="",0,Dimensoes!$C$2)+IF(O7="",0,Dimensoes!$C$3)+IF(P7="",0,Dimensoes!$C$4)+IF(Q7="",0,Dimensoes!$C$5)))) -> 0.35714286 | S7: =IF(R7="","",IF(R7<Faixas!$C$3,"vermelho",IF(R7<Faixas!$C$4,"amarelo","verde"))) -> vermelho | T7: =IF($A7="","",IF(N7="",0,N7*Dimensoes!$C$2)+IF(O7="",0,O7*Dimensoes!$C$3)+IF(P7="",0,P7*Dimensoes!$C$4)+IF(Q7="",0,Q7*Dimensoes!$C$5)) -> 0.35714286 | U7: =IF($A7="","",IF(OR(E7="concluida",E7="incompleta"),1,0)) -> 1
A8: =IF(Visitas!A8="","",Visitas!A8) -> 7 | B8: =IF($A8="","",Visitas!C8) -> 2023 | C8: =IF($A8="","",Visitas!D8) -> 45104 | D8: =IF($A8="","",Visitas!B8) -> UBS São Domingos | E8: =IF($A8="","",Visitas!F8) -> concluida | F8: =IF($A8="","",SUMIFS(Avaliacoes!$G$2:$G$6000,Avaliacoes!$A$2:$A$6000,$A8,Avaliacoes!$F$2:$F$6000,"I",Avaliacoes!$H$2:$H$6000,0)) -> 9 | G8: =IF($A8="","",SUMIFS(Avaliacoes!$G$2:$G$6000,Avaliacoes!$A$2:$A$6000,$A8,Avaliacoes!$F$2:$F$6000,"II",Avaliacoes!$H$2:$H$6000,0)) -> 4 | H8: =IF($A8="","",SUMIFS(Avaliacoes!$G$2:$G$6000,Avaliacoes!$A$2:$A$6000,$A8,Avaliacoes!$F$2:$F$6000,"III",Avaliacoes!$H$2:$H$6000,0)) -> 1 | I8: =IF($A8="","",SUMIFS(Avaliacoes!$G$2:$G$6000,Avaliacoes!$A$2:$A$6000,$A8,Avaliacoes!$F$2:$F$6000,"IV",Avaliacoes!$H$2:$H$6000,0)) -> 4 | J8: =IF($A8="","",COUNTIFS(Avaliacoes!$A$2:$A$6000,$A8,Avaliacoes!$F$2:$F$6000,"I",Avaliacoes!$H$2:$H$6000,0,Avaliacoes!$G$2:$G$6000,"<>")*Dimensoes!$E$2) -> 14 | K8: =IF($A8="","",COUNTIFS(Avaliacoes!$A$2:$A$6000,$A8,Avaliacoes!$F$2:$F$6000,"II",Avaliacoes!$H$2:$H$6000,0,Avaliacoes!$G$2:$G$6000,"<>")*Dimensoes!$E$3) -> 8 | L8: =IF($A8="","",COUNTIFS(Avaliacoes!$A$2:$A$6000,$A8,Avaliacoes!$F$2:$F$6000,"III",Avaliacoes!$H$2:$H$6000,0,Avaliacoes!$G$2:$G$6000,"<>")*Dimensoes!$E$4) -> 2 | M8: =IF($A8="","",COUNTIFS(Avaliacoes!$A$2:$A$6000,$A8,Avaliacoes!$F$2:$F$6000,"IV",Avaliacoes!$H$2:$H$6000,0,Avaliacoes!$G$2:$G$6000,"<>")*Dimensoes!$E$5) -> 4 | N8: =IF($A8="","",IF(J8>0,F8/J8,"")) -> 0.64285714 | O8: =IF($A8="","",IF(K8>0,G8/K8,"")) -> 0.5 | P8: =IF($A8="","",IF(L8>0,H8/L8,"")) -> 0.5 | Q8: =IF($A8="","",IF(M8>0,I8/M8,"")) -> 1 | R8: =IF($A8="","",IF((IF(N8="",0,Dimensoes!$C$2)+IF(O8="",0,Dimensoes!$C$3)+IF(P8="",0,Dimensoes!$C$4)+IF(Q8="",0,Dimensoes!$C$5))=0,"",(IF(N8="",0,N8*Dimensoes!$C$2)+IF(O8="",0,O8*Dimensoes!$C$3)+IF(P8="",0,P8*Dimensoes!$C$4)+IF(Q8="",0,Q8*Dimensoes!$C$5))/(IF(N8="",0,Dimensoes!$C$2)+IF(O8="",0,Dimensoes!$C$3)+IF(P8="",0,Dimensoes!$C$4)+IF(Q8="",0,Dimensoes!$C$5)))) -> 0.66071429 | S8: =IF(R8="","",IF(R8<Faixas!$C$3,"vermelho",IF(R8<Faixas!$C$4,"amarelo","verde"))) -> amarelo | T8: =IF($A8="","",IF(N8="",0,N8*Dimensoes!$C$2)+IF(O8="",0,O8*Dimensoes!$C$3)+IF(P8="",0,P8*Dimensoes!$C$4)+IF(Q8="",0,Q8*Dimensoes!$C$5)) -> 0.66071429 | U8: =IF($A8="","",IF(OR(E8="concluida",E8="incompleta"),1,0)) -> 1
A9: =IF(Visitas!A9="","",Visitas!A9) -> 8 | B9: =IF($A9="","",Visitas!C9) -> 2023 | C9: =IF($A9="","",Visitas!D9) -> 45268 | D9: =IF($A9="","",Visitas!B9) -> UBS Cariobinha | E9: =IF($A9="","",Visitas!F9) -> incompleta | F9: =IF($A9="","",SUMIFS(Avaliacoes!$G$2:$G$6000,Avaliacoes!$A$2:$A$6000,$A9,Avaliacoes!$F$2:$F$6000,"I",Avaliacoes!$H$2:$H$6000,0)) -> 14 | G9: =IF($A9="","",SUMIFS(Avaliacoes!$G$2:$G$6000,Avaliacoes!$A$2:$A$6000,$A9,Avaliacoes!$F$2:$F$6000,"II",Avaliacoes!$H$2:$H$6000,0)) -> 0 | H9: =IF($A9="","",SUMIFS(Avaliacoes!$G$2:$G$6000,Avaliacoes!$A$2:$A$6000,$A9,Avaliacoes!$F$2:$F$6000,"III",Avaliacoes!$H$2:$H$6000,0)) -> 0 | I9: =IF($A9="","",SUMIFS(Avaliacoes!$G$2:$G$6000,Avaliacoes!$A$2:$A$6000,$A9,Avaliacoes!$F$2:$F$6000,"IV",Avaliacoes!$H$2:$H$6000,0)) -> 0 | J9: =IF($A9="","",COUNTIFS(Avaliacoes!$A$2:$A$6000,$A9,Avaliacoes!$F$2:$F$6000,"I",Avaliacoes!$H$2:$H$6000,0,Avaliacoes!$G$2:$G$6000,"<>")*Dimensoes!$E$2) -> 14 | K9: =IF($A9="","",COUNTIFS(Avaliacoes!$A$2:$A$6000,$A9,Avaliacoes!$F$2:$F$6000,"II",Avaliacoes!$H$2:$H$6000,0,Avaliacoes!$G$2:$G$6000,"<>")*Dimensoes!$E$3) -> 0 | L9: =IF($A9="","",COUNTIFS(Avaliacoes!$A$2:$A$6000,$A9,Avaliacoes!$F$2:$F$6000,"III",Avaliacoes!$H$2:$H$6000,0,Avaliacoes!$G$2:$G$6000,"<>")*Dimensoes!$E$4) -> 0 | M9: =IF($A9="","",COUNTIFS(Avaliacoes!$A$2:$A$6000,$A9,Avaliacoes!$F$2:$F$6000,"IV",Avaliacoes!$H$2:$H$6000,0,Avaliacoes!$G$2:$G$6000,"<>")*Dimensoes!$E$5) -> 0 | N9: =IF($A9="","",IF(J9>0,F9/J9,"")) -> 1 | O9: =IF($A9="","",IF(K9>0,G9/K9,"")) | P9: =IF($A9="","",IF(L9>0,H9/L9,"")) | Q9: =IF($A9="","",IF(M9>0,I9/M9,"")) | R9: =IF($A9="","",IF((IF(N9="",0,Dimensoes!$C$2)+IF(O9="",0,Dimensoes!$C$3)+IF(P9="",0,Dimensoes!$C$4)+IF(Q9="",0,Dimensoes!$C$5))=0,"",(IF(N9="",0,N9*Dimensoes!$C$2)+IF(O9="",0,O9*Dimensoes!$C$3)+IF(P9="",0,P9*Dimensoes!$C$4)+IF(Q9="",0,Q9*Dimensoes!$C$5))/(IF(N9="",0,Dimensoes!$C$2)+IF(O9="",0,Dimensoes!$C$3)+IF(P9="",0,Dimensoes!$C$4)+IF(Q9="",0,Dimensoes!$C$5)))) -> 1 | S9: =IF(R9="","",IF(R9<Faixas!$C$3,"vermelho",IF(R9<Faixas!$C$4,"amarelo","verde"))) -> verde | T9: =IF($A9="","",IF(N9="",0,N9*Dimensoes!$C$2)+IF(O9="",0,O9*Dimensoes!$C$3)+IF(P9="",0,P9*Dimensoes!$C$4)+IF(Q9="",0,Q9*Dimensoes!$C$5)) -> 0.25 | U9: =IF($A9="","",IF(OR(E9="concluida",E9="incompleta"),1,0)) -> 1
A10: =IF(Visitas!A10="","",Visitas!A10) -> 9 | B10: =IF($A10="","",Visitas!C10) -> 2023 | C10: =IF($A10="","",Visitas!D10) -> 45159 | D10: =IF($A10="","",Visitas!B10) -> UBS Vila Gallo | E10: =IF($A10="","",Visitas!F10) -> concluida | F10: =IF($A10="","",SUMIFS(Avaliacoes!$G$2:$G$6000,Avaliacoes!$A$2:$A$6000,$A10,Avaliacoes!$F$2:$F$6000,"I",Avaliacoes!$H$2:$H$6000,0)) -> 12 | G10: =IF($A10="","",SUMIFS(Avaliacoes!$G$2:$G$6000,Avaliacoes!$A$2:$A$6000,$A10,Avaliacoes!$F$2:$F$6000,"II",Avaliacoes!$H$2:$H$6000,0)) -> 7 | H10: =IF($A10="","",SUMIFS(Avaliacoes!$G$2:$G$6000,Avaliacoes!$A$2:$A$6000,$A10,Avaliacoes!$F$2:$F$6000,"III",Avaliacoes!$H$2:$H$6000,0)) -> 1 | I10: =IF($A10="","",SUMIFS(Avaliacoes!$G$2:$G$6000,Avaliacoes!$A$2:$A$6000,$A10,Avaliacoes!$F$2:$F$6000,"IV",Avaliacoes!$H$2:$H$6000,0)) -> 4 | J10: =IF($A10="","",COUNTIFS(Avaliacoes!$A$2:$A$6000,$A10,Avaliacoes!$F$2:$F$6000,"I",Avaliacoes!$H$2:$H$6000,0,Avaliacoes!$G$2:$G$6000,"<>")*Dimensoes!$E$2) -> 14 | K10: =IF($A10="","",COUNTIFS(Avaliacoes!$A$2:$A$6000,$A10,Avaliacoes!$F$2:$F$6000,"II",Avaliacoes!$H$2:$H$6000,0,Avaliacoes!$G$2:$G$6000,"<>")*Dimensoes!$E$3) -> 8 | L10: =IF($A10="","",COUNTIFS(Avaliacoes!$A$2:$A$6000,$A10,Avaliacoes!$F$2:$F$6000,"III",Avaliacoes!$H$2:$H$6000,0,Avaliacoes!$G$2:$G$6000,"<>")*Dimensoes!$E$4) -> 2 | M10: =IF($A10="","",COUNTIFS(Avaliacoes!$A$2:$A$6000,$A10,Avaliacoes!$F$2:$F$6000,"IV",Avaliacoes!$H$2:$H$6000,0,Avaliacoes!$G$2:$G$6000,"<>")*Dimensoes!$E$5) -> 4 | N10: =IF($A10="","",IF(J10>0,F10/J10,"")) -> 0.85714286 | O10: =IF($A10="","",IF(K10>0,G10/K10,"")) -> 0.875 | P10: =IF($A10="","",IF(L10>0,H10/L10,"")) -> 0.5 | Q10: =IF($A10="","",IF(M10>0,I10/M10,"")) -> 1 | R10: =IF($A10="","",IF((IF(N10="",0,Dimensoes!$C$2)+IF(O10="",0,Dimensoes!$C$3)+IF(P10="",0,Dimensoes!$C$4)+IF(Q10="",0,Dimensoes!$C$5))=0,"",(IF(N10="",0,N10*Dimensoes!$C$2)+IF(O10="",0,O10*Dimensoes!$C$3)+IF(P10="",0,P10*Dimensoes!$C$4)+IF(Q10="",0,Q10*Dimensoes!$C$5))/(IF(N10="",0,Dimensoes!$C$2)+IF(O10="",0,Dimensoes!$C$3)+IF(P10="",0,Dimensoes!$C$4)+IF(Q10="",0,Dimensoes!$C$5)))) -> 0.80803571 | S10: =IF(R10="","",IF(R10<Faixas!$C$3,"vermelho",IF(R10<Faixas!$C$4,"amarelo","verde"))) -> verde | T10: =IF($A10="","",IF(N10="",0,N10*Dimensoes!$C$2)+IF(O10="",0,O10*Dimensoes!$C$3)+IF(P10="",0,P10*Dimensoes!$C$4)+IF(Q10="",0,Q10*Dimensoes!$C$5)) -> 0.80803571 | U10: =IF($A10="","",IF(OR(E10="concluida",E10="incompleta"),1,0)) -> 1
A11: =IF(Visitas!A11="","",Visitas!A11) -> 10 | B11: =IF($A11="","",Visitas!C11) -> 2023 | C11: =IF($A11="","",Visitas!D11) -> 45124 | D11: =IF($A11="","",Visitas!B11) -> ESF Alvorada | E11: =IF($A11="","",Visitas!F11) -> incompleta | F11: =IF($A11="","",SUMIFS(Avaliacoes!$G$2:$G$6000,Avaliacoes!$A$2:$A$6000,$A11,Avaliacoes!$F$2:$F$6000,"I",Avaliacoes!$H$2:$H$6000,0)) -> 4 | G11: =IF($A11="","",SUMIFS(Avaliacoes!$G$2:$G$6000,Avaliacoes!$A$2:$A$6000,$A11,Avaliacoes!$F$2:$F$6000,"II",Avaliacoes!$H$2:$H$6000,0)) -> 1 | H11: =IF($A11="","",SUMIFS(Avaliacoes!$G$2:$G$6000,Avaliacoes!$A$2:$A$6000,$A11,Avaliacoes!$F$2:$F$6000,"III",Avaliacoes!$H$2:$H$6000,0)) -> 0 | I11: =IF($A11="","",SUMIFS(Avaliacoes!$G$2:$G$6000,Avaliacoes!$A$2:$A$6000,$A11,Avaliacoes!$F$2:$F$6000,"IV",Avaliacoes!$H$2:$H$6000,0)) -> 0 | J11: =IF($A11="","",COUNTIFS(Avaliacoes!$A$2:$A$6000,$A11,Avaliacoes!$F$2:$F$6000,"I",Avaliacoes!$H$2:$H$6000,0,Avaliacoes!$G$2:$G$6000,"<>")*Dimensoes!$E$2) -> 6 | K11: =IF($A11="","",COUNTIFS(Avaliacoes!$A$2:$A$6000,$A11,Avaliacoes!$F$2:$F$6000,"II",Avaliacoes!$H$2:$H$6000,0,Avaliacoes!$G$2:$G$6000,"<>")*Dimensoes!$E$3) -> 2 | L11: =IF($A11="","",COUNTIFS(Avaliacoes!$A$2:$A$6000,$A11,Avaliacoes!$F$2:$F$6000,"III",Avaliacoes!$H$2:$H$6000,0,Avaliacoes!$G$2:$G$6000,"<>")*Dimensoes!$E$4) -> 0 | M11: =IF($A11="","",COUNTIFS(Avaliacoes!$A$2:$A$6000,$A11,Avaliacoes!$F$2:$F$6000,"IV",Avaliacoes!$H$2:$H$6000,0,Avaliacoes!$G$2:$G$6000,"<>")*Dimensoes!$E$5) -> 0 | N11: =IF($A11="","",IF(J11>0,F11/J11,"")) -> 0.66666667 | O11: =IF($A11="","",IF(K11>0,G11/K11,"")) -> 0.5 | P11: =IF($A11="","",IF(L11>0,H11/L11,"")) | Q11: =IF($A11="","",IF(M11>0,I11/M11,"")) | R11: =IF($A11="","",IF((IF(N11="",0,Dimensoes!$C$2)+IF(O11="",0,Dimensoes!$C$3)+IF(P11="",0,Dimensoes!$C$4)+IF(Q11="",0,Dimensoes!$C$5))=0,"",(IF(N11="",0,N11*Dimensoes!$C$2)+IF(O11="",0,O11*Dimensoes!$C$3)+IF(P11="",0,P11*Dimensoes!$C$4)+IF(Q11="",0,Q11*Dimensoes!$C$5))/(IF(N11="",0,Dimensoes!$C$2)+IF(O11="",0,Dimensoes!$C$3)+IF(P11="",0,Dimensoes!$C$4)+IF(Q11="",0,Dimensoes!$C$5)))) -> 0.58333333 | S11: =IF(R11="","",IF(R11<Faixas!$C$3,"vermelho",IF(R11<Faixas!$C$4,"amarelo","verde"))) -> amarelo | T11: =IF($A11="","",IF(N11="",0,N11*Dimensoes!$C$2)+IF(O11="",0,O11*Dimensoes!$C$3)+IF(P11="",0,P11*Dimensoes!$C$4)+IF(Q11="",0,Q11*Dimensoes!$C$5)) -> 0.29166667 | U11: =IF($A11="","",IF(OR(E11="concluida",E11="incompleta"),1,0)) -> 1
A12: =IF(Visitas!A12="","",Visitas!A12) -> 11 | B12: =IF($A12="","",Visitas!C12) -> 2023 | C12: =IF($A12="","",Visitas!D12) -> 45229 | D12: =IF($A12="","",Visitas!B12) -> ESF Mário Covas | E12: =IF($A12="","",Visitas!F12) -> concluida | F12: =IF($A12="","",SUMIFS(Avaliacoes!$G$2:$G$6000,Avaliacoes!$A$2:$A$6000,$A12,Avaliacoes!$F$2:$F$6000,"I",Avaliacoes!$H$2:$H$6000,0)) -> 9 | G12: =IF($A12="","",SUMIFS(Avaliacoes!$G$2:$G$6000,Avaliacoes!$A$2:$A$6000,$A12,Avaliacoes!$F$2:$F$6000,"II",Avaliacoes!$H$2:$H$6000,0)) -> 3 | H12: =IF($A12="","",SUMIFS(Avaliacoes!$G$2:$G$6000,Avaliacoes!$A$2:$A$6000,$A12,Avaliacoes!$F$2:$F$6000,"III",Avaliacoes!$H$2:$H$6000,0)) -> 1 | I12: =IF($A12="","",SUMIFS(Avaliacoes!$G$2:$G$6000,Avaliacoes!$A$2:$A$6000,$A12,Avaliacoes!$F$2:$F$6000,"IV",Avaliacoes!$H$2:$H$6000,0)) -> 4 | J12: =IF($A12="","",COUNTIFS(Avaliacoes!$A$2:$A$6000,$A12,Avaliacoes!$F$2:$F$6000,"I",Avaliacoes!$H$2:$H$6000,0,Avaliacoes!$G$2:$G$6000,"<>")*Dimensoes!$E$2) -> 14 | K12: =IF($A12="","",COUNTIFS(Avaliacoes!$A$2:$A$6000,$A12,Avaliacoes!$F$2:$F$6000,"II",Avaliacoes!$H$2:$H$6000,0,Avaliacoes!$G$2:$G$6000,"<>")*Dimensoes!$E$3) -> 8 | L12: =IF($A12="","",COUNTIFS(Avaliacoes!$A$2:$A$6000,$A12,Avaliacoes!$F$2:$F$6000,"III",Avaliacoes!$H$2:$H$6000,0,Avaliacoes!$G$2:$G$6000,"<>")*Dimensoes!$E$4) -> 2 | M12: =IF($A12="","",COUNTIFS(Avaliacoes!$A$2:$A$6000,$A12,Avaliacoes!$F$2:$F$6000,"IV",Avaliacoes!$H$2:$H$6000,0,Avaliacoes!$G$2:$G$6000,"<>")*Dimensoes!$E$5) -> 4 | N12: =IF($A12="","",IF(J12>0,F12/J12,"")) -> 0.64285714 | O12: =IF($A12="","",IF(K12>0,G12/K12,"")) -> 0.375 | P12: =IF($A12="","",IF(L12>0,H12/L12,"")) -> 0.5 | Q12: =IF($A12="","",IF(M12>0,I12/M12,"")) -> 1 | R12: =IF($A12="","",IF((IF(N12="",0,Dimensoes!$C$2)+IF(O12="",0,Dimensoes!$C$3)+IF(P12="",0,Dimensoes!$C$4)+IF(Q12="",0,Dimensoes!$C$5))=0,"",(IF(N12="",0,N12*Dimensoes!$C$2)+IF(O12="",0,O12*Dimensoes!$C$3)+IF(P12="",0,P12*Dimensoes!$C$4)+IF(Q12="",0,Q12*Dimensoes!$C$5))/(IF(N12="",0,Dimensoes!$C$2)+IF(O12="",0,Dimensoes!$C$3)+IF(P12="",0,Dimensoes!$C$4)+IF(Q12="",0,Dimensoes!$C$5)))) -> 0.62946429 | S12: =IF(R12="","",IF(R12<Faixas!$C$3,"vermelho",IF(R12<Faixas!$C$4,"amarelo","verde"))) -> amarelo | T12: =IF($A12="","",IF(N12="",0,N12*Dimensoes!$C$2)+IF(O12="",0,O12*Dimensoes!$C$3)+IF(P12="",0,P12*Dimensoes!$C$4)+IF(Q12="",0,Q12*Dimensoes!$C$5)) -> 0.62946429 | U12: =IF($A12="","",IF(OR(E12="concluida",E12="incompleta"),1,0)) -> 1
A13: =IF(Visitas!A13="","",Visitas!A13) -> 12 | B13: =IF($A13="","",Visitas!C13) -> 2023 | C13: =IF($A13="","",Visitas!D13) -> 45254 | D13: =IF($A13="","",Visitas!B13) -> ESF São José | E13: =IF($A13="","",Visitas!F13) -> incompleta | F13: =IF($A13="","",SUMIFS(Avaliacoes!$G$2:$G$6000,Avaliacoes!$A$2:$A$6000,$A13,Avaliacoes!$F$2:$F$6000,"I",Avaliacoes!$H$2:$H$6000,0)) -> 14 | G13: =IF($A13="","",SUMIFS(Avaliacoes!$G$2:$G$6000,Avaliacoes!$A$2:$A$6000,$A13,Avaliacoes!$F$2:$F$6000,"II",Avaliacoes!$H$2:$H$6000,0)) -> 0 | H13: =IF($A13="","",SUMIFS(Avaliacoes!$G$2:$G$6000,Avaliacoes!$A$2:$A$6000,$A13,Avaliacoes!$F$2:$F$6000,"III",Avaliacoes!$H$2:$H$6000,0)) -> 0 | I13: =IF($A13="","",SUMIFS(Avaliacoes!$G$2:$G$6000,Avaliacoes!$A$2:$A$6000,$A13,Avaliacoes!$F$2:$F$6000,"IV",Avaliacoes!$H$2:$H$6000,0)) -> 0 | J13: =IF($A13="","",COUNTIFS(Avaliacoes!$A$2:$A$6000,$A13,Avaliacoes!$F$2:$F$6000,"I",Avaliacoes!$H$2:$H$6000,0,Avaliacoes!$G$2:$G$6000,"<>")*Dimensoes!$E$2) -> 14 | K13: =IF($A13="","",COUNTIFS(Avaliacoes!$A$2:$A$6000,$A13,Avaliacoes!$F$2:$F$6000,"II",Avaliacoes!$H$2:$H$6000,0,Avaliacoes!$G$2:$G$6000,"<>")*Dimensoes!$E$3) -> 0 | L13: =IF($A13="","",COUNTIFS(Avaliacoes!$A$2:$A$6000,$A13,Avaliacoes!$F$2:$F$6000,"III",Avaliacoes!$H$2:$H$6000,0,Avaliacoes!$G$2:$G$6000,"<>")*Dimensoes!$E$4) -> 0 | M13: =IF($A13="","",COUNTIFS(Avaliacoes!$A$2:$A$6000,$A13,Avaliacoes!$F$2:$F$6000,"IV",Avaliacoes!$H$2:$H$6000,0,Avaliacoes!$G$2:$G$6000,"<>")*Dimensoes!$E$5) -> 0 | N13: =IF($A13="","",IF(J13>0,F13/J13,"")) -> 1 | O13: =IF($A13="","",IF(K13>0,G13/K13,"")) | P13: =IF($A13="","",IF(L13>0,H13/L13,"")) | Q13: =IF($A13="","",IF(M13>0,I13/M13,"")) | R13: =IF($A13="","",IF((IF(N13="",0,Dimensoes!$C$2)+IF(O13="",0,Dimensoes!$C$3)+IF(P13="",0,Dimensoes!$C$4)+IF(Q13="",0,Dimensoes!$C$5))=0,"",(IF(N13="",0,N13*Dimensoes!$C$2)+IF(O13="",0,O13*Dimensoes!$C$3)+IF(P13="",0,P13*Dimensoes!$C$4)+IF(Q13="",0,Q13*Dimensoes!$C$5))/(IF(N13="",0,Dimensoes!$C$2)+IF(O13="",0,Dimensoes!$C$3)+IF(P13="",0,Dimensoes!$C$4)+IF(Q13="",0,Dimensoes!$C$5)))) -> 1 | S13: =IF(R13="","",IF(R13<Faixas!$C$3,"vermelho",IF(R13<Faixas!$C$4,"amarelo","verde"))) -> verde | T13: =IF($A13="","",IF(N13="",0,N13*Dimensoes!$C$2)+IF(O13="",0,O13*Dimensoes!$C$3)+IF(P13="",0,P13*Dimensoes!$C$4)+IF(Q13="",0,Q13*Dimensoes!$C$5)) -> 0.25 | U13: =IF($A13="","",IF(OR(E13="concluida",E13="incompleta"),1,0)) -> 1
... A401: =IF(Visitas!A401="","",Visitas!A401) | B401: =IF($A401="","",Visitas!C401) | C401: =IF($A401="","",Visitas!D401) | D401: =IF($A401="","",Visitas!B401) | E401: =IF($A401="","",Visitas!F401) | F401: =IF($A401="","",SUMIFS(Avaliacoes!$G$2:$G$6000,Avaliacoes!$A$2:$A$6000,$A401,Avaliacoes!$F$2:$F$6000,"I",Avaliacoes!$H$2:$H$6000,0)) | G401: =IF($A401="","",SUMIFS(Avaliacoes!$G$2:$G$6000,Avaliacoes!$A$2:$A$6000,$A401,Avaliacoes!$F$2:$F$6000,"II",Avaliacoes!$H$2:$H$6000,0)) | H401: =IF($A401="","",SUMIFS(Avaliacoes!$G$2:$G$6000,Avaliacoes!$A$2:$A$6000,$A401,Avaliacoes!$F$2:$F$6000,"III",Avaliacoes!$H$2:$H$6000,0)) | I401: =IF($A401="","",SUMIFS(Avaliacoes!$G$2:$G$6000,Avaliacoes!$A$2:$A$6000,$A401,Avaliacoes!$F$2:$F$6000,"IV",Avaliacoes!$H$2:$H$6000,0)) | J401: =IF($A401="","",COUNTIFS(Avaliacoes!$A$2:$A$6000,$A401,Avaliacoes!$F$2:$F$6000,"I",Avaliacoes!$H$2:$H$6000,0,Avaliacoes!$G$2:$G$6000,"<>")*Dimensoes!$E$2) | K401: =IF($A401="","",COUNTIFS(Avaliacoes!$A$2:$A$6000,$A401,Avaliacoes!$F$2:$F$6000,"II",Avaliacoes!$H$2:$H$6000,0,Avaliacoes!$G$2:$G$6000,"<>")*Dimensoes!$E$3) | L401: =IF($A401="","",COUNTIFS(Avaliacoes!$A$2:$A$6000,$A401,Avaliacoes!$F$2:$F$6000,"III",Avaliacoes!$H$2:$H$6000,0,Avaliacoes!$G$2:$G$6000,"<>")*Dimensoes!$E$4) | M401: =IF($A401="","",COUNTIFS(Avaliacoes!$A$2:$A$6000,$A401,Avaliacoes!$F$2:$F$6000,"IV",Avaliacoes!$H$2:$H$6000,0,Avaliacoes!$G$2:$G$6000,"<>")*Dimensoes!$E$5) | N401: =IF($A401="","",IF(J401>0,F401/J401,"")) | O401: =IF($A401="","",IF(K401>0,G401/K401,"")) | P401: =IF($A401="","",IF(L401>0,H401/L401,"")) | Q401: =IF($A401="","",IF(M401>0,I401/M401,"")) | R401: =IF($A401="","",IF((IF(N401="",0,Dimensoes!$C$2)+IF(O401="",0,Dimensoes!$C$3)+IF(P401="",0,Dimensoes!$C$4)+IF(Q401="",0,Dimensoes!$C$5))=0,"",(IF(N401="",0,N401*Dimensoes!$C$2)+IF(O401="",0,O401*Dimensoes!$C$3)+IF(P401="",0,P401*Dimensoes!$C$4)+IF(Q401="",0,Q401*Dimensoes!$C$5))/(IF(N401="",0,Dimensoes!$C$2)+IF(O401="",0,Dimensoes!$C$3)+IF(P401="",0,Dimensoes!$C$4)+IF(Q401="",0,Dimensoes!$C$5)))) | S401: =IF(R401="","",IF(R401<Faixas!$C$3,"vermelho",IF(R401<Faixas!$C$4,"amarelo","verde"))) | T401: =IF($A401="","",IF(N401="",0,N401*Dimensoes!$C$2)+IF(O401="",0,O401*Dimensoes!$C$3)+IF(P401="",0,P401*Dimensoes!$C$4)+IF(Q401="",0,Q401*Dimensoes!$C$5)) | U401: =IF($A401="","",IF(OR(E401="concluida",E401="incompleta"),1,0))

Sheet Origem_Abas
A1: Nº | B1: Aba original | C1: Unidade no cadastro | D1: Nome no quadro-resumo da aba | E1: Data no rodapé | F1: Notas I.1 a IV.2 (N = não se aplica) | G1: Tratamento | H1: Motivo
A2: 1 | B2: UAD | C2: UAD - Unidade de Atendimento Domiciliar | D2: UAD | E2: 46164 | F2: 222222222222NN | G2: importada
A3: 2 | B3: UBS J. São Paulo | C3: UBS Jardim São Paulo | D3: UBS JARDIM SÃO PAULO | E3: 46090 | F3: 12122212222212 | G3: importada
A4: 3 | B4: H. M.Urg. e Emerg. | C4: Hospital Municipal Dr. Waldemar Tebaldi | D4: HM URGÊNCIA/EMERGÊNCIA | E4: 46091 | F4: 12122212221111 | G4: importada
A5: 4 | B5: UPA D. Rosa | C5: UPA Dona Rosa | D5: UPA D. ROSA | E5: 46093 | F5: 11222222222222 | G5: importada
A6: 5 | B6: Banco de Sangue | C6: Banco de Sangue | D6: BANCO DE SANGUE | E6: 46122 | F6: 00122112222111 | G6: importada
A7: 6 | B7: UBS Parque Gramado | C7: UBS Parque Gramado | D7: UBS PARQUE GRAMADO | E7: 46156 | F7: 01022112211122 | G7: importada
A8: 7 | B8: ESF São José | C8: ESF São José | D8: ESF SÃO VITO | E8: 46142 | F8: 11211122222211 | G8: importada
A9: 8 | B9: ESF Praia Azul | C9: ESF Praia Azul | D9: ESF PRAIA AZUL | E9: 46190 | F9: 11222222222221 | G9: importada
A10: 9 | B10: ESF Jardim Brasil | C10: ESF Jardim Brasil | D10: ESF JARDIM BRASIL | E10: 46162 | F10: 22222222222222 | G10: importada
A11: 10 | B11: Caps Adulto | C11: CAPS Adulto | D11: CAPS ADULTO | E11: 46094 | F11: 22211222212112 | G11: importada
A12: 11 | B12: UBS Mathiensen | C12: UBS Mathiensen | D12: UBS MATHIENSEN | E12: 46125 | F12: 22222211122211 | G12: importada
A13: 12 | B13: UBS São Vito | C13: UBS São Vito | D13: UBS SÃO VITO | E13: 46189 | F13: 22222222222222 | G13: importada
... A18: 17 | B18: ESF Zanaga I | C18: ESF Zanaga I | D18: ESF ZANAGA I | E18: 46239 | F18: 11112212211222 | G18: importada
A19: 18 | B19: ESF Zanaga II | C19: ESF Zanaga II | D19: ESF ZANAGA II | E19: 45106 | F19: 22222121222211 | G19: não importada | H19: Pontuação e data (29/06/2023) idênticas às da UAD em 2023: aba copiada sem preenchimento.
A20: 19 | B20: ADAM | C20: ADAM | D20: ADAM | E20: 45106 | F20: 22222121222211 | G20: não importada | H20: Pontuação e data (29/06/2023) idênticas às da UAD em 2023: aba copiada sem preenchimento.
A21: 20 | B21: AEPHIVA | C21: AEPHIVA | D21: AEPHIVA | E21: 45106 | F21: 22222121222211 | G21: não importada | H21: Pontuação e data (29/06/2023) idênticas às da UAD em 2023: aba copiada sem preenchimento.
A22: 21 | B22: UBS Cariobinha | C22: UBS Cariobinha | D22: UBS CARIOBINHA | E22: 46254 | F22: 22211122222222 | G22: importada
A23: 22 | B23: UNACON | C23: UNACON - Unidade de Oncologia | D23: UNACON | E23: 45268 | F23: 12222222212222 | G23: não importada | H23: Notas idênticas à visita de 2023 (já importada pela Avaliação Global).
A24: 23 | B24: APAE | C24: APAE | D24: APAE | F24: 22222222222222 | G24: não importada | H24: Sem data de visita e com todos os itens em nota máxima: aparenta modelo não preenchido.
A25: 24 | B25: UVISA | C25: UVISA - Vigilância Sanitária | D25: UVISA | E25: 45106 | F25: 11122221122222 | G25: não importada | H25: Data 29/06/2023 coincide com a visita da UAD; pontuação não consta da Avaliação Global 2023. Requer confirmação do conselho.
A26: 25 | B26: SAE DST | C26: SAE/DST | D26: SAE/DST | E26: 46191 | F26: 121222122222NN | G26: importada
A27: 26 | B27: Clínica Jones | C27: Clínica Jones | D27: CLÍNICA JONES | E27: 45106 | F27: 22222121222211 | G27: não importada | H27: Pontuação e data (29/06/2023) idênticas às da UAD em 2023: aba copiada sem preenchimento.
A28: 27 | B28: UBS Vila Gallo | C28: UBS Vila Gallo | D28: UBS VILA GALLO | E28: 46092 | F28: 11222222211211 | G28: importada
A29: 28 | B29: CCZ | C29: CCZ - Centro de Controle de Zoonoses | D29: CCZ | E29: 46161 | F29: 11111111111100 | G29: importada
A30: 29 | B30: CTA | C30: CTA - Centro de Testagem e Aconselhamento | D30: CTA | E30: 45268 | F30: 12122221212122 | G30: não importada | H30: Notas idênticas à visita de 2023 (já importada pela Avaliação Global).
A31: 30 | B31: UBS Jardim Ipiranga | C31: UBS Jardim Ipiranga | D31: JARDIM IPIRANGA | E31: 46189 | F31: 12222212222122 | G31: importada
A32: 31 | B32: CAPS Alcool e Drogas | C32: CAPS AD Vida Nova (Álcool e Drogas) | D32: CAPS ÁLCOOL E DROGAS | E32: 45257 | F32: 02221100212022 | G32: não importada | H32: Notas idênticas à visita de 2023 (já importada pela Avaliação Global).
A33: 32 | B33: PA Zanaga | C33: PA Antonio Zanaga | D33: PA ZANAGA | E33: 46107 | F33: 21222122222222 | G33: importada
A34: 33 | B34: UBS Dona Rosa | C34: UBS Dona Rosa | D34: UBS D. ROSA | E34: 45229 | F34: 01022112211122 | G34: não importada | H34: Pontuação idêntica à da UBS Parque Gramado (14/05/2026) com data de 30/10/2023, que não corresponde à visita real de 2023 da unidade.
A35: 34 | B35: UBS Jd Boer | C35: UBS Jardim Boer | D35: UBS JARDIM BOER | E35: 46163 | F35: 11111122211222 | G35: importada
A36: 35 | B36: ESF Alvorada | C36: ESF Alvorada | D36: ESF ALVORADA | E36: 46136 | F36: 11211221121222 | G36: importada
A37: 36 | B37: ESF Mário Covas | C37: ESF Mário Covas | D37: ESF MÁRIO COVAS | E37: 46240 | F37: 11211221111121 | G37: importada
A38: 37 | B38: Núcleo Especialidades | C38: Núcleo de Especialidades de Americana | D38: NÚCLEO DE ESPECIALIDADES | E38: 46119 | F38: 22222221122212 | G38: importada
A39: 38 | B39: UBS São Domingos | C39: UBS São Domingos | D39: UBS SÃO DOMINGOS | E39: 46134 | F39: 22211222211222 | G39: importada
A40: 39 | B40: UBS Guanabara | C40: UBS Guanabara | D40: UBS GUANABARA | E40: 46198 | F40: 00022212211111 | G40: importada
A41: 40 | B41: UBS LIBERDADE | C41: UBS Liberdade | D41: UBS D. ROSA | E41: 45229 | F41: 01022112211122 | G41: não importada | H41: Cópia da aba UBS Dona Rosa (mesmo cabeçalho, data e pontuação).
A42: 41 | B42: Clínica Mod. ZANAGA | C42: Clínica Modelo Zanaga | D42: UBS D. ROSA | E42: 46240 | F42: 1111221222222N | G42: importada
A43: 42 | B43: Farmácia Central (2) | C43: Farmácia Central | D43: UBS D. ROSA | E43: 46258 | F43: 12222222222222 | G43: importada
A44: 43 | B44: CEO | C44: CEO - Centro de Especialidades Odontológicas | D44: UBS D. ROSA | E44: 46188 | F44: 12221222222122 | G44: importada
